run,red_n0,green_n0,blue_n0,red_n1,green_n1,blue_n1,red_n2,green_n2,blue_n2,red_n3,green_n3,blue_n3,red_n4,green_n4,blue_n4,red_n5,green_n5,blue_n5,red_n6,green_n6,blue_n6,red_n7,green_n7,blue_n7,red_n8,green_n8,blue_n8
8,0,0,0,0,0,0,0,0,0,0,0,0,0,0,0,0,0,0,0,0,0,0,0,0,0,0,0
10,0,0,0,0,0,0,0,0,0,0,0,0,0,0,0,0,0,0,0,0,0,0,0,0,0,0,0
12,0,0,0,0,0,0,0,0,0,1,0,0,0,0,0,1,0,0,0,0,0,0,0,0,0,0,0
14,0,0,0,0,0,0,0,0,0,1,0,0,0,0,0,1,0,0,0,0,0,0,1,0,0,0,0
16,0,0,0,1,0,0,0,0,1,1,0,0,0,0,0,0,0,0,0,0,0,0,1,0,0,0,0
18,0,1,1,1,0,0,0,0,2,1,0,0,0,0,0,0,0,0,0,0,0,0,0,0,0,0,0
20,0,1,0,0,0,0,0,0,2,1,0,0,0,0,0,0,0,0,0,0,0,0,0,0,1,0,0
22,0,1,0,0,0,0,0,0,2,1,0,1,0,0,0,0,0,0,0,0,0,0,0,0,0,0,0
24,0,1,0,0,0,0,0,0,2,1,0,0,0,0,0,0,0,0,0,0,0,0,0,1,0,0,0
26,0,1,0,0,0,0,0,0,2,1,0,0,0,0,0,0,0,0,0,0,0,0,1,1,1,0,0
28,0,1,0,0,0,0,0,0,2,1,0,1,0,0,0,0,0,0,0,0,0,0,1,0,0,0,0
30,0,1,0,0,0,0,0,0,2,1,0,2,0,0,0,0,0,0,0,0,0,0,0,0,0,0,0
32,0,1,0,0,0,0,0,0,2,1,0,3,0,0,0,0,0,0,0,0,0,0,0,0,0,0,0
34,0,1,0,0,0,0,0,0,1,1,0,2,0,0,0,0,0,0,0,0,0,0,0,0,0,0,0
36,0,1,0,0,0,0,0,0,1,2,0,2,0,0,0,0,0,0,0,0,0,0,0,0,0,0,0
38,0,1,0,1,0,0,0,0,1,2,0,1,0,0,0,0,0,0,0,0,0,0,0,0,0,0,0
40,0,1,0,1,0,0,0,0,0,2,0,0,0,0,0,0,0,0,0,0,0,0,1,0,0,0,0
42,0,1,0,1,0,0,0,0,0,2,0,0,0,0,0,0,0,0,0,0,1,0,2,0,0,0,0
44,0,1,0,1,0,0,0,0,0,2,0,0,0,0,0,0,0,0,0,0,2,0,3,0,0,0,0
46,0,1,0,1,0,0,0,0,0,2,0,0,0,0,0,0,0,0,0,0,1,0,2,0,0,0,0
48,0,1,0,1,0,0,0,0,0,2,0,0,0,0,0,0,0,0,0,0,0,0,2,0,0,0,0
50,0,1,1,1,0,0,1,0,0,2,0,0,0,0,0,0,0,0,0,0,0,0,1,0,0,0,0
52,0,1,0,1,0,0,0,0,0,2,0,0,0,0,0,0,0,0,0,0,0,0,0,0,0,0,0
54,0,1,0,1,0,0,0,0,0,1,0,0,0,0,0,0,0,0,0,0,0,0,0,0,0,0,0
56,0,1,0,1,0,1,0,0,1,0,0,0,0,0,0,0,0,0,0,0,0,0,0,0,0,0,0
58,0,1,0,1,0,0,0,0,0,0,0,0,0,0,0,0,0,0,0,0,0,0,0,0,0,0,0
60,0,2,0,1,0,0,0,0,0,0,0,0,0,0,0,0,0,0,0,0,0,0,0,0,0,0,0
62,0,2,0,0,0,0,0,0,0,0,0,0,0,0,0,0,0,0,0,0,0,0,0,0,1,0,0
64,0,2,0,0,1,0,0,0,0,0,0,0,0,0,0,0,0,0,0,0,0,0,0,0,0,0,0
66,1,2,0,0,1,0,0,0,0,0,0,0,0,0,0,0,0,0,0,0,0,0,0,0,0,0,0
68,1,2,0,0,1,0,0,0,0,0,0,0,0,0,0,1,0,0,0,0,0,0,0,0,0,0,0
70,1,2,0,0,1,0,0,0,0,0,0,0,0,0,0,1,0,0,0,0,0,0,0,0,0,0,0
72,1,2,1,0,1,0,0,1,0,0,0,0,0,0,0,0,0,0,0,0,0,0,0,0,0,0,0
74,1,2,0,0,1,0,0,1,0,0,0,0,0,0,0,0,0,0,0,0,0,0,0,0,0,0,0
76,1,2,0,0,1,0,0,0,0,0,0,0,0,0,0,0,0,0,0,0,0,0,0,0,0,0,0
78,0,2,0,0,1,0,0,0,0,0,0,1,0,0,0,0,0,1,0,0,0,0,0,0,0,0,0
80,0,2,0,0,1,0,0,0,0,0,0,0,0,0,0,0,0,1,0,0,0,0,0,0,0,0,0
82,0,2,0,0,0,0,0,0,0,0,0,0,0,0,0,0,0,2,0,0,0,0,0,0,0,0,0
84,0,1,0,0,0,0,0,0,0,0,0,0,0,0,0,0,0,1,0,0,0,0,0,0,0,0,0
86,1,1,0,1,0,0,0,1,0,0,0,0,0,0,0,0,0,1,0,0,0,0,0,0,0,0,0
88,2,1,0,1,1,0,0,1,0,0,0,0,0,0,0,0,0,0,0,0,0,0,0,0,0,0,0
90,2,1,0,0,1,0,0,1,0,0,0,0,0,0,0,1,0,1,0,0,0,0,0,0,0,0,0
92,2,1,0,0,1,0,0,0,0,0,0,0,0,0,0,1,0,1,0,0,0,0,0,0,0,0,0
94,2,1,1,0,1,0,0,0,0,0,0,0,0,0,0,0,0,1,0,0,0,0,0,0,0,0,0
96,2,1,0,0,1,0,0,0,0,0,0,0,0,0,0,0,0,1,0,0,0,1,0,0,0,0,0
98,1,1,0,0,0,0,0,0,0,0,0,0,0,0,0,0,0,2,0,0,0,1,0,0,0,0,0
100,1,1,0,0,0,0,0,0,0,0,0,0,0,0,1,0,0,3,0,0,0,1,0,0,0,0,0
102,1,1,0,0,0,0,1,0,0,0,0,0,0,0,1,0,0,2,0,0,0,0,0,0,0,0,0
104,1,1,1,0,0,0,2,0,0,0,0,0,0,0,0,0,0,1,0,0,0,0,0,0,0,0,0
106,1,1,2,0,1,0,2,0,0,0,0,0,0,0,0,0,0,1,0,0,0,0,0,0,0,0,0
108,1,0,2,0,1,0,1,0,0,0,0,0,0,0,0,0,0,2,0,0,0,0,0,0,0,0,0
110,1,0,1,0,0,0,0,0,0,0,0,0,0,0,0,0,0,3,0,0,0,0,0,0,0,0,0
112,1,0,1,0,0,0,0,0,0,0,0,0,0,0,0,0,0,3,0,0,0,0,0,0,0,0,0
114,1,0,1,0,0,0,0,0,0,0,0,0,0,0,0,0,0,2,0,0,0,0,0,0,1,0,0
116,0,0,1,0,0,0,0,0,0,0,0,0,0,0,0,0,0,1,0,0,0,0,0,0,1,0,0
118,0,0,1,0,0,0,0,0,0,0,0,0,0,0,0,0,0,1,0,0,0,0,0,0,2,0,0
120,0,0,1,0,0,0,0,0,0,0,0,0,0,0,0,0,0,2,0,0,0,0,0,0,2,0,0
122,0,0,0,0,0,0,0,0,0,0,0,0,0,0,0,0,0,1,0,0,0,0,0,0,3,0,0
124,0,0,0,0,0,0,0,0,0,0,0,0,0,0,0,0,0,0,0,0,0,0,0,0,2,0,0
126,0,0,1,0,0,0,0,0,0,0,0,0,0,0,0,0,0,0,0,0,0,0,0,0,1,0,0
128,0,0,0,0,0,0,0,0,0,0,0,0,0,0,0,0,0,0,0,0,0,0,0,0,0,0,0
130,0,0,0,0,0,0,0,0,0,0,0,0,1,0,0,0,0,0,0,0,0,0,0,0,0,0,0
132,0,0,0,0,0,0,0,0,0,0,1,0,1,0,0,1,0,0,0,0,0,0,0,0,0,0,0
134,0,0,0,0,0,0,0,0,0,0,2,0,2,0,0,2,0,0,0,0,0,0,0,0,0,0,0
136,0,0,0,0,0,0,0,0,0,0,1,0,2,0,0,2,0,0,0,0,0,0,1,0,0,0,0
138,0,0,0,0,0,0,0,0,0,0,1,1,2,0,0,3,0,0,0,0,0,0,1,0,0,0,0
140,0,0,0,0,0,0,0,0,0,0,1,0,2,0,0,2,0,0,0,0,0,0,1,0,0,0,0
142,0,0,0,0,0,1,0,0,0,0,1,0,2,0,0,1,0,0,0,0,0,0,1,0,0,0,0
144,0,0,0,0,0,0,0,0,0,0,1,0,2,0,0,2,0,0,0,0,0,0,1,0,0,0,0
146,0,0,0,0,0,0,0,0,0,0,1,0,2,0,0,2,0,0,0,0,0,0,1,0,0,0,0
148,0,0,0,0,0,0,0,0,1,0,1,0,2,0,0,1,0,0,0,0,0,0,1,0,0,0,0
150,0,0,1,0,0,0,0,0,2,0,1,0,2,0,0,0,0,0,0,0,0,0,0,0,0,0,0
152,0,0,0,0,0,0,0,0,1,0,1,0,1,0,0,0,0,0,0,0,0,0,0,0,0,0,0
154,0,0,0,0,0,0,0,0,1,0,0,0,1,0,0,0,0,0,0,0,0,0,0,0,0,0,0
156,0,0,0,0,0,0,0,0,0,0,0,0,1,0,1,0,0,0,0,0,0,0,0,0,0,0,0
158,0,0,0,0,0,0,0,0,0,0,0,0,1,0,0,0,0,0,0,1,0,0,0,0,1,0,0
160,0,0,0,0,0,0,0,0,0,0,0,0,1,0,0,0,0,0,0,1,0,0,0,0,1,0,1
162,0,0,0,0,0,0,0,0,0,0,0,0,0,0,0,0,0,0,0,1,1,0,0,0,2,0,2
164,0,0,0,0,0,0,0,0,0,0,0,0,0,0,0,0,0,0,0,1,2,0,0,0,3,0,3
166,0,0,0,0,0,0,0,0,0,0,0,0,0,0,0,0,0,0,0,1,3,0,0,0,4,1,4
168,0,0,0,0,0,0,0,0,0,0,0,0,0,0,0,0,0,0,0,1,4,0,0,0,5,2,5
170,0,0,0,0,0,0,0,0,0,0,0,0,0,0,0,0,0,0,0,1,3,0,0,0,4,2,5
172,0,0,0,0,0,0,0,0,0,0,0,0,0,0,0,0,0,0,0,1,4,0,0,0,5,3,5
174,0,0,0,0,0,0,0,0,0,0,0,0,0,0,0,0,0,0,0,1,4,0,0,0,5,3,6
176,0,0,0,0,0,0,0,0,0,0,0,0,0,0,0,0,0,0,0,1,3,0,0,0,5,2,6
178,0,0,0,0,0,0,0,0,0,0,0,0,0,0,0,0,0,0,0,0,3,0,0,0,5,2,6
180,0,0,0,0,0,0,0,0,0,0,0,0,0,0,0,0,0,0,0,0,0,0,0,0,0,0,0
182,0,0,0,0,0,0,0,0,0,0,0,0,0,0,1,0,0,0,0,0,0,0,0,0,0,0,0
184,0,0,0,0,0,0,0,0,0,0,0,0,0,0,1,0,0,0,0,1,0,0,0,0,0,0,0
186,0,0,0,0,0,0,0,1,0,0,0,0,0,0,1,0,0,0,0,0,0,0,0,0,0,0,0
188,0,0,0,0,1,0,0,1,0,0,0,0,0,0,1,0,0,0,0,0,0,0,0,0,0,0,0
190,0,0,0,0,1,0,0,1,0,0,0,0,0,0,1,0,0,0,0,0,0,0,0,0,0,0,0
192,0,0,0,0,1,0,0,0,0,0,0,0,0,0,2,0,0,0,0,0,0,0,0,0,0,0,0
194,0,0,0,0,1,0,0,0,0,0,1,0,0,0,3,0,0,1,0,0,0,0,0,0,0,0,0
196,0,0,0,0,1,0,0,0,0,0,2,0,0,0,3,0,0,1,0,0,0,0,0,0,0,0,0
198,0,0,1,0,1,0,0,0,0,0,2,0,0,0,3,0,0,1,0,0,0,0,0,0,0,0,0
200,0,0,0,0,1,0,0,0,0,0,2,0,0,0,3,0,0,1,0,0,0,0,0,0,0,0,0
202,0,0,0,0,1,0,0,0,0,0,2,0,0,0,2,0,0,1,1,0,0,0,0,0,1,0,0
204,0,0,0,0,0,0,0,0,0,0,2,0,0,0,2,0,0,1,2,0,0,0,0,0,1,0,0
206,0,0,0,0,1,0,0,0,0,0,1,0,0,0,2,0,0,1,2,0,0,0,0,0,1,0,0
208,0,0,0,0,0,0,0,0,0,0,2,0,0,0,2,0,0,1,2,0,0,0,0,0,1,0,0
210,0,0,0,0,0,0,0,0,0,0,2,0,0,0,1,0,0,1,3,0,0,0,0,0,2,0,0
212,0,0,0,0,0,0,0,0,0,0,2,0,0,0,1,0,0,1,3,0,1,0,0,0,3,0,0
214,0,0,0,0,0,0,0,0,0,0,2,0,0,0,0,0,0,0,3,0,0,0,0,0,3,0,0
216,0,0,0,0,0,0,0,0,0,0,2,0,1,0,0,0,0,0,3,0,0,0,0,0,3,0,0
218,0,0,0,0,0,0,0,0,0,0,2,0,1,0,0,0,0,0,4,0,0,0,0,0,3,0,0
220,0,0,0,0,0,0,0,0,0,0,3,0,1,0,0,0,1,0,4,0,0,0,0,0,2,0,0
222,0,0,0,0,0,0,0,0,0,0,4,0,2,0,0,0,1,1,4,0,0,0,0,0,2,0,0
224,0,0,0,0,0,1,0,0,0,0,3,0,2,0,0,0,0,1,4,0,0,0,0,0,2,0,0
226,0,0,0,0,0,1,0,0,0,0,3,0,1,0,0,0,0,0,5,0,0,0,0,0,2,0,0
228,0,0,0,0,0,0,0,0,0,0,4,0,1,0,0,0,0,0,5,0,0,0,0,0,1,0,0
230,0,0,0,0,0,0,0,0,0,0,3,0,1,0,0,0,0,0,5,0,0,0,0,0,1,0,0
232,0,0,0,0,0,0,0,0,0,0,4,0,1,1,0,0,0,0,5,0,0,0,0,0,1,0,0
234,0,0,0,0,0,0,0,0,0,0,3,0,1,1,0,0,0,0,5,0,0,0,0,1,1,1,0
236,0,0,0,0,0,0,0,0,0,0,2,0,0,1,0,0,0,0,5,0,0,0,0,1,1,0,0
238,0,0,0,0,0,0,0,0,0,0,1,0,0,1,0,0,0,0,5,0,0,0,0,0,1,0,0
240,0,0,0,0,0,0,0,0,0,0,1,0,0,1,0,0,0,0,6,0,0,0,0,0,1,0,0
242,0,0,0,0,0,0,0,0,0,0,2,0,0,2,0,0,1,0,6,0,0,0,0,0,0,0,0
244,0,0,0,0,0,0,0,0,0,0,2,1,0,2,0,0,2,0,6,0,0,0,0,0,0,0,0
246,0,0,0,0,0,0,0,0,0,0,2,1,0,2,0,0,3,0,5,0,0,0,0,0,0,0,0
248,0,0,0,0,0,0,0,0,0,0,2,0,0,2,0,0,3,0,5,0,0,0,0,0,0,0,0
250,0,0,0,0,0,0,0,0,0,0,2,0,0,2,0,0,3,0,5,0,1,0,0,0,0,0,0
252,0,0,0,0,0,0,0,0,1,0,2,0,0,2,0,0,3,0,5,0,0,0,0,0,0,0,0
254,0,0,0,0,0,0,0,0,1,0,2,0,0,3,0,0,3,0,5,0,0,0,0,0,0,0,0
256,0,0,0,0,0,0,0,0,1,0,3,0,0,4,0,0,4,0,5,0,0,0,0,0,0,0,0
258,0,0,0,0,0,0,0,0,1,0,4,0,1,4,0,0,5,0,5,0,0,0,0,0,0,0,0
260,0,0,0,0,0,0,0,0,1,0,3,0,1,3,0,0,4,0,5,0,0,0,0,0,0,0,0
262,0,0,0,0,0,0,0,0,1,0,2,0,1,2,0,0,3,0,5,0,0,0,0,0,0,0,0
264,0,0,0,0,0,0,0,0,1,0,2,1,2,2,0,0,4,0,5,0,0,0,0,0,0,0,0
266,0,0,0,0,0,0,0,0,1,0,3,1,2,2,1,0,5,0,5,0,0,0,0,0,0,0,0
268,0,0,0,0,0,0,0,0,1,0,2,1,1,2,1,0,4,0,5,0,0,0,0,0,0,0,0
270,0,0,0,0,0,0,0,0,1,0,1,1,1,1,1,0,4,0,5,0,0,0,0,0,0,0,0
272,0,0,0,0,0,0,0,0,1,0,2,1,2,1,1,0,5,0,5,0,0,0,0,0,0,0,0
274,0,0,0,0,0,0,0,0,0,0,2,2,2,1,2,0,5,0,5,0,0,0,0,0,0,0,0
276,0,0,0,0,0,0,0,0,0,0,3,2,2,2,2,0,5,0,5,0,0,0,0,0,0,0,0
278,0,0,0,0,0,0,0,0,0,0,3,1,2,1,2,0,5,0,5,0,0,0,0,0,0,0,0
280,0,0,0,0,0,0,0,0,0,0,2,1,2,1,1,0,5,0,5,0,0,0,0,0,1,0,0
282,0,0,0,0,0,0,0,0,0,0,1,1,2,1,0,0,4,0,5,0,0,0,0,0,1,0,0
284,0,0,0,0,0,0,0,0,0,0,0,1,1,1,0,0,3,0,5,0,0,0,0,0,1,0,0
286,0,0,0,0,0,0,0,0,0,0,0,1,1,1,0,0,2,0,5,0,0,0,0,0,1,0,0
288,0,0,0,0,0,0,0,0,0,0,0,1,1,1,0,0,2,0,5,0,0,0,0,1,2,0,0
290,0,0,0,0,0,0,0,0,0,0,0,1,1,1,0,0,2,0,5,0,0,0,0,2,2,0,0
292,0,0,0,0,0,0,0,0,0,0,0,1,0,1,0,0,2,0,5,0,0,0,0,2,3,0,0
294,0,0,0,0,0,0,0,0,0,0,0,1,0,0,0,0,1,0,5,0,0,0,0,2,4,0,0
296,0,1,0,0,1,0,0,0,0,0,0,1,0,0,0,0,0,0,5,0,0,0,0,2,4,0,0
298,0,2,0,0,2,0,0,0,0,0,0,1,0,0,0,0,0,0,5,0,0,0,0,2,4,0,0
300,0,2,0,0,2,0,0,0,0,0,0,1,0,0,0,0,0,0,4,0,0,0,0,1,4,0,0
302,0,3,0,0,2,0,0,0,0,0,0,1,0,0,0,0,0,0,3,0,0,0,0,0,3,0,0
304,0,3,0,0,1,0,0,0,0,0,0,0,0,0,0,0,0,0,3,0,0,0,0,0,4,0,0
306,0,2,0,0,1,0,0,0,0,0,0,0,0,0,0,0,0,0,3,0,0,0,0,0,4,0,0
308,0,1,0,0,1,0,0,0,0,0,0,0,0,0,0,0,0,0,3,0,0,0,0,1,4,0,0
310,0,2,0,1,1,0,0,0,0,0,0,0,0,0,0,0,0,0,3,0,0,0,0,1,4,0,0
312,0,2,0,2,1,0,0,0,0,0,0,0,0,0,0,0,0,0,2,0,0,0,0,1,3,0,0
314,0,2,0,2,1,0,0,0,0,0,0,1,0,0,0,0,0,0,2,0,0,0,0,0,3,0,0
316,0,1,0,2,0,0,0,0,0,0,0,1,0,0,0,0,0,0,2,0,0,0,0,0,3,0,0
318,0,0,0,2,0,0,0,0,0,0,0,1,0,0,0,0,0,0,2,0,0,0,0,0,2,0,0
320,0,0,0,2,0,0,0,1,0,0,0,1,0,0,0,0,0,0,2,0,0,0,0,0,2,0,0
322,0,0,0,2,0,0,0,1,0,0,0,2,0,0,0,0,0,0,2,0,0,0,0,0,2,0,0
324,0,0,0,2,0,0,0,2,0,0,0,1,0,0,0,0,0,0,2,0,0,0,0,0,2,0,0
326,0,0,0,2,0,0,0,2,0,0,0,1,0,0,0,0,0,0,1,0,0,0,0,0,1,0,0
328,0,0,0,3,0,0,0,2,0,0,0,0,0,0,0,0,0,0,1,0,0,0,0,0,1,0,0
330,0,0,0,3,0,0,0,2,0,0,0,0,0,0,0,0,0,0,0,0,0,0,0,0,0,0,0
332,0,0,0,3,0,0,0,2,0,0,0,0,0,0,0,0,0,0,0,0,0,0,0,0,0,0,0
334,0,0,0,4,0,0,0,3,0,0,0,0,0,0,0,0,0,0,0,0,0,0,0,0,0,0,0
336,0,1,0,4,0,0,0,4,0,0,0,0,0,0,0,0,0,0,0,0,0,0,0,0,0,0,0
338,0,1,0,5,0,0,0,4,0,0,0,0,0,0,0,0,0,0,0,0,0,0,0,0,0,0,0
340,0,0,0,0,0,0,0,0,0,0,0,0,0,0,0,0,0,0,0,0,0,0,0,0,0,0,0
342,0,0,0,1,0,0,0,0,0,0,0,0,0,0,0,0,0,0,0,0,0,0,0,0,0,0,0
344,0,0,0,0,0,0,0,0,0,0,0,0,0,0,0,0,0,0,0,0,0,0,0,0,0,0,0
346,0,0,0,0,0,0,0,0,0,0,0,0,0,1,0,0,0,0,0,0,0,0,0,0,0,0,0
348,0,0,0,0,0,0,0,0,0,0,0,0,1,1,0,1,0,0,0,0,0,0,0,0,0,0,0
350,0,0,0,0,0,0,0,0,0,0,0,0,0,1,0,0,0,0,1,0,0,0,0,0,0,0,0
352,0,0,0,0,0,0,0,0,0,0,0,0,0,0,0,0,0,0,0,0,0,0,0,0,0,0,0
354,0,0,0,0,1,0,0,0,0,0,0,0,0,0,0,0,0,0,0,0,0,0,0,0,0,0,0
356,0,0,0,0,1,0,0,0,0,0,0,0,0,0,0,0,0,0,0,0,0,0,0,0,1,0,0
358,0,0,0,0,1,0,0,0,0,0,0,0,0,0,0,0,0,0,0,0,0,0,0,0,1,0,0
360,0,1,0,0,0,1,0,0,0,0,0,0,0,0,0,0,0,0,0,0,0,0,0,0,0,0,0
362,0,0,0,0,0,0,0,0,0,0,0,0,0,0,0,0,0,0,0,0,0,0,1,0,0,1,0
364,0,0,0,0,0,0,0,0,0,0,0,0,0,0,0,0,0,0,0,0,0,0,2,0,0,2,0
366,0,0,0,0,0,0,0,0,0,0,0,0,0,0,0,0,0,0,0,0,0,0,3,0,0,3,0
368,0,0,1,0,0,0,0,0,0,0,0,0,0,0,0,0,0,0,0,0,0,0,2,0,0,2,0
370,0,0,0,0,0,0,0,0,0,0,0,0,0,0,0,0,0,0,0,0,0,0,3,0,0,3,0
372,0,0,0,0,0,0,0,0,0,0,0,0,0,0,1,0,0,0,0,0,0,0,3,0,0,3,0
374,0,0,0,0,0,0,0,0,0,0,0,0,0,0,2,0,0,0,0,0,0,0,3,0,0,2,0
376,0,0,0,0,0,0,0,0,1,0,0,0,0,0,2,0,0,0,0,0,0,0,2,0,0,1,0
378,0,0,0,0,0,0,0,0,1,0,0,0,0,0,3,0,0,0,0,0,0,0,2,0,0,0,0
380,1,0,0,0,0,0,0,0,1,0,0,0,0,0,3,0,0,0,0,0,0,0,1,0,0,0,0
382,1,0,0,0,0,0,0,0,1,0,0,0,0,0,3,0,0,0,0,0,0,0,0,0,0,0,0
384,0,0,0,0,0,0,0,0,1,0,0,0,0,0,2,0,0,0,0,0,0,0,0,0,0,0,0
386,0,0,0,0,0,0,0,0,1,0,0,0,1,0,2,0,0,0,0,0,0,0,0,0,0,0,0
388,0,1,0,0,0,0,0,0,2,0,0,0,1,0,2,0,0,0,0,0,0,0,0,0,0,0,0
390,1,1,0,0,0,0,0,0,2,0,0,0,1,0,1,0,0,0,0,0,0,0,0,0,0,0,0
392,1,0,0,0,0,0,0,0,1,0,0,0,0,0,1,0,0,0,0,0,0,0,0,0,0,0,0
394,1,0,0,0,0,0,0,0,0,0,0,0,1,0,1,0,0,0,0,0,0,0,0,0,0,0,0
396,1,0,0,0,0,0,0,0,0,0,0,0,1,1,1,1,0,0,0,0,0,0,0,0,0,0,0
398,0,0,0,0,0,0,0,0,0,0,0,0,1,0,1,1,0,0,0,0,0,0,0,0,0,0,0
400,0,0,0,0,0,0,0,0,0,0,0,0,1,0,1,1,0,0,0,0,1,0,0,0,0,1,0
402,0,0,0,0,0,0,0,0,0,0,0,0,1,0,2,2,0,0,0,0,0,0,0,0,0,1,0
404,0,0,0,0,0,0,0,0,0,0,0,0,0,0,2,2,0,0,0,0,0,0,0,0,0,2,0
406,0,0,0,0,0,0,0,0,0,0,0,0,0,0,2,2,0,0,0,0,0,0,0,0,0,3,0
408,0,0,0,0,0,0,0,0,0,0,0,0,0,0,2,2,0,0,0,0,0,0,0,0,0,2,0
410,0,0,0,0,0,0,0,0,0,0,0,0,0,0,1,2,0,0,0,0,0,0,0,0,0,3,0
412,0,0,0,0,0,0,0,0,0,0,0,0,0,0,1,2,0,0,0,0,0,0,0,0,0,3,0
414,0,0,0,0,0,0,0,0,0,0,0,0,0,0,1,1,0,0,0,0,1,0,1,0,0,3,0
416,0,0,0,0,0,0,0,0,0,0,0,0,0,0,0,0,0,0,1,0,1,0,1,0,0,3,0
418,0,0,0,0,0,0,0,0,0,0,0,0,0,0,0,0,0,0,0,0,1,0,1,0,0,2,0
420,0,0,0,0,0,0,0,0,0,0,0,0,0,0,0,0,0,0,0,0,2,0,1,0,0,2,0
422,0,0,0,0,0,0,0,0,0,0,0,0,0,0,0,0,0,0,0,0,2,0,2,0,1,2,0
424,0,0,0,0,0,0,0,0,0,0,0,0,0,0,0,0,0,0,0,0,1,0,2,0,1,2,0
426,1,0,0,0,0,0,0,0,1,0,0,0,0,0,0,0,0,0,0,0,1,0,2,0,1,2,0
428,1,0,0,0,0,0,0,0,1,0,0,0,0,0,0,0,0,0,0,0,1,0,2,0,1,1,0
430,1,0,0,0,0,0,0,0,1,0,0,0,0,0,0,0,0,0,0,0,0,0,2,0,1,0,0
432,1,0,0,0,0,0,0,0,1,0,0,0,0,0,0,0,0,0,0,0,0,1,2,0,1,0,0
434,1,0,0,0,0,0,0,0,1,0,0,0,0,0,0,0,0,0,0,0,0,1,1,0,1,0,0
436,1,0,0,0,0,0,0,0,1,0,0,0,0,0,0,0,0,0,0,0,0,2,1,0,1,1,0
438,1,0,0,0,0,0,0,0,1,0,0,0,0,0,0,0,0,0,0,0,0,2,0,0,1,0,0
440,1,0,0,0,1,0,0,0,2,0,0,0,0,0,0,0,0,0,0,0,0,2,0,0,1,0,0
442,0,0,0,0,0,0,0,0,2,0,0,0,0,0,0,0,0,0,0,0,0,2,0,0,1,1,0
444,0,0,0,0,0,0,0,0,0,0,0,0,0,0,0,0,0,0,0,0,0,0,0,0,1,0,0
446,0,0,0,0,0,0,0,0,0,0,0,0,0,0,0,0,0,0,0,0,0,0,0,0,1,0,0
448,0,0,0,0,0,0,0,0,0,1,0,0,0,1,0,0,1,0,0,0,0,0,0,0,1,0,0
450,0,0,0,0,0,0,0,0,0,1,0,0,0,1,0,0,1,0,0,0,0,0,0,0,1,0,0
452,0,0,0,0,0,0,0,0,0,0,0,0,0,0,0,0,1,0,0,0,0,0,0,0,0,0,0
454,0,0,0,0,0,0,0,0,0,0,0,0,0,0,0,0,1,0,0,0,0,0,0,0,1,0,0
456,0,0,0,0,0,0,0,0,0,0,0,0,0,0,0,0,1,0,0,0,1,0,0,0,2,0,0
458,0,0,0,0,0,0,0,0,0,0,0,0,0,0,0,0,1,0,0,0,2,0,0,0,3,0,1
460,0,0,0,0,0,0,0,0,0,0,0,0,0,0,0,0,0,0,0,0,2,0,0,0,3,0,1
462,0,0,0,0,0,0,0,0,0,0,0,0,0,0,0,0,0,0,0,0,1,0,0,0,3,0,0
464,0,0,0,0,1,0,0,0,0,0,0,0,0,0,0,0,0,0,0,0,0,0,0,0,3,0,0
466,0,0,0,0,0,0,0,0,0,0,0,0,0,0,0,0,0,0,0,0,0,0,0,0,3,0,1
468,0,0,0,0,0,0,0,0,0,0,0,0,0,0,0,0,0,0,0,0,0,0,0,1,3,0,1
470,0,0,0,0,0,0,0,0,0,0,0,0,0,1,0,0,1,0,0,0,0,0,0,1,3,0,1
472,0,0,0,0,0,0,0,0,0,0,0,0,0,0,0,0,1,0,0,0,0,0,0,1,3,0,0
474,0,0,0,0,0,0,0,0,0,0,0,0,1,0,0,0,1,0,0,0,0,0,0,1,2,0,0
476,0,0,0,0,0,0,0,0,0,0,0,0,0,0,0,0,1,0,0,0,0,0,0,0,1,0,0
478,0,0,0,0,0,0,0,0,0,0,0,1,1,0,0,0,1,0,0,0,0,0,0,0,0,0,0
480,0,0,0,0,0,0,0,0,0,0,0,2,2,1,1,1,1,0,0,0,0,0,0,0,0,0,0
482,0,0,0,0,0,0,0,0,0,0,0,1,2,1,0,1,1,0,0,0,0,0,0,0,0,0,0
484,0,0,0,0,0,0,0,0,0,0,0,1,1,1,0,1,1,0,0,0,0,0,0,0,0,0,0
486,0,0,0,0,0,0,0,0,0,0,0,0,0,0,0,0,1,0,0,0,0,0,0,1,0,0,0
488,0,0,0,0,0,0,0,0,1,0,0,0,0,0,0,0,1,0,0,0,0,0,0,0,0,0,0
490,0,0,0,0,0,1,0,0,1,0,0,0,0,0,0,0,1,0,0,0,0,0,0,0,0,0,0
492,0,0,0,0,1,1,1,0,1,0,0,0,0,0,0,0,1,0,0,0,0,0,0,0,0,0,0
494,0,0,0,0,0,1,0,0,1,0,0,0,0,0,0,0,1,0,0,0,0,0,0,0,0,0,0
496,0,0,0,0,0,1,0,0,1,0,0,0,0,0,0,0,1,0,0,0,0,0,0,0,1,0,0
498,0,0,0,0,0,0,0,0,1,0,0,0,0,0,0,0,2,0,0,0,0,0,0,0,1,0,0
500,0,0,0,0,0,0,0,0,1,0,0,0,0,0,0,0,1,0,0,0,0,1,0,0,1,0,0
502,0,0,0,0,0,0,0,0,0,0,1,0,0,0,0,0,1,0,0,0,0,1,0,0,1,0,0
504,0,0,0,0,0,0,0,0,0,0,1,0,0,0,0,0,2,0,0,0,0,0,0,0,1,0,0
506,0,0,0,0,0,0,0,0,0,0,0,0,0,0,0,0,2,0,0,0,0,1,0,0,1,0,1
508,0,0,0,0,0,0,0,0,0,0,0,0,0,0,0,0,2,0,0,0,0,2,0,0,1,0,2
510,0,0,0,0,0,0,0,0,0,0,0,0,0,0,0,0,1,0,0,0,1,2,1,0,1,0,3
512,0,0,0,0,0,0,0,0,0,0,0,0,0,0,0,0,0,0,0,0,0,1,1,0,0,0,3
514,0,0,0,0,0,0,0,0,0,0,0,0,0,0,0,0,0,0,0,0,0,1,2,0,0,0,4
516,0,0,0,0,0,0,0,0,0,0,0,0,0,0,0,0,0,0,0,0,0,0,2,0,0,0,4
518,0,0,0,0,0,0,0,0,0,0,0,0,0,0,0,0,0,0,0,0,0,0,2,0,0,0,4
520,0,0,0,0,0,0,0,0,0,0,0,0,0,0,0,0,0,0,0,0,0,0,2,0,0,0,4
522,1,0,0,1,0,0,0,0,0,0,0,0,0,0,0,0,0,0,0,0,0,0,2,0,0,0,4
524,2,0,0,2,0,0,0,0,0,0,0,0,0,0,0,0,0,0,0,0,0,0,2,0,0,0,4
526,3,0,0,3,0,0,0,0,0,0,0,0,0,0,0,0,0,0,0,0,0,0,2,0,0,0,3
528,3,0,0,2,0,0,0,0,0,0,0,0,0,0,0,1,1,0,0,0,0,0,2,0,0,0,3
530,3,0,0,2,0,0,0,0,0,0,0,0,0,0,1,1,1,0,0,0,0,0,2,0,0,0,2
532,3,0,0,1,0,0,0,0,0,0,0,0,0,0,1,0,1,0,0,0,0,0,2,0,0,0,2
534,3,0,0,0,0,0,0,0,0,0,0,0,0,0,1,0,0,0,0,0,0,0,2,0,0,0,2
536,3,0,0,0,0,0,0,0,0,0,0,0,0,0,1,0,0,0,0,0,0,0,3,0,1,1,2
538,3,1,0,0,0,0,0,0,0,0,0,0,0,0,0,0,0,0,0,0,0,0,3,0,1,0,2
540,3,1,0,0,0,0,0,0,0,0,0,0,0,0,0,0,0,0,0,0,1,0,4,0,2,0,2
542,2,1,0,0,0,0,0,0,0,0,0,0,1,0,0,0,0,0,0,0,0,0,3,0,1,0,2
544,2,1,1,0,0,0,0,0,0,0,0,0,0,0,0,0,0,0,0,0,0,0,3,0,1,0,1
546,2,0,1,0,0,0,0,0,0,0,0,0,0,0,0,0,0,0,0,0,0,0,3,0,1,0,1
548,2,0,1,0,0,0,0,0,0,0,0,0,0,0,0,0,0,0,0,1,0,0,3,0,1,0,2
550,2,0,1,0,0,0,0,0,0,0,0,0,0,0,0,0,0,0,0,0,0,0,2,0,1,0,1
552,3,0,1,0,0,0,0,0,0,0,0,0,0,0,0,0,0,0,0,0,0,0,1,0,1,0,1
554,3,0,2,1,0,0,0,0,0,0,0,0,0,0,0,0,0,0,0,0,0,0,1,0,0,0,1
556,3,0,3,1,0,0,1,0,0,0,0,0,0,0,0,0,0,0,0,0,0,0,0,0,0,0,1
558,3,0,4,1,0,0,1,0,0,0,0,0,0,0,0,0,0,0,0,0,0,0,0,0,0,0,1
560,3,0,3,1,0,0,1,0,0,0,0,0,0,0,0,0,0,0,0,0,0,0,0,0,0,0,1
562,3,0,3,1,0,0,2,0,0,0,0,0,0,0,0,0,0,0,0,0,0,0,0,0,0,0,1
564,2,0,3,1,0,0,2,0,0,0,0,0,0,0,0,0,0,0,0,0,0,0,0,0,0,0,2
566,1,0,3,1,0,0,1,0,0,0,0,0,0,0,0,0,0,0,0,0,0,0,0,0,0,0,2
568,0,0,3,1,0,0,1,0,0,0,0,0,0,0,1,0,0,0,0,0,0,0,0,0,0,0,2
570,0,0,4,2,0,0,2,0,0,0,0,0,0,0,1,0,0,0,0,0,0,0,0,0,0,0,2
572,0,0,3,2,0,0,1,0,0,0,0,0,0,0,2,0,0,0,0,0,0,0,0,0,0,0,2
574,0,0,4,3,0,0,2,0,0,0,0,0,0,0,2,0,0,0,0,0,0,0,0,0,0,0,2
576,0,0,3,2,0,0,1,0,0,0,0,0,0,0,2,0,0,0,0,0,0,0,0,0,0,0,2
578,0,0,3,2,0,0,1,1,0,0,0,0,0,0,1,0,0,0,0,0,0,0,0,0,0,0,2
580,0,0,2,2,0,0,0,1,0,0,0,0,0,0,1,0,0,0,0,0,0,0,1,0,0,0,3
582,0,0,2,3,0,0,0,2,0,0,0,0,0,0,1,0,0,0,0,0,0,0,1,0,0,0,3
584,0,0,3,3,0,0,0,3,0,0,0,0,0,0,1,0,0,0,0,0,0,0,0,0,0,0,3
586,0,0,4,3,0,0,0,4,0,0,0,0,0,0,1,0,0,0,0,0,0,0,0,0,0,0,3
588,0,0,5,3,0,0,1,4,0,0,0,0,0,0,0,0,0,0,0,0,0,0,0,0,0,0,3
590,0,0,5,3,0,0,0,4,0,0,0,0,0,0,0,0,0,0,0,0,0,0,1,0,0,0,3
592,1,0,6,4,0,1,0,5,0,0,0,0,0,0,0,0,0,0,0,0,0,0,0,0,0,0,3
594,1,0,6,3,0,1,0,5,0,0,0,0,0,0,0,0,0,0,0,0,0,0,0,0,0,0,3
596,1,0,5,3,0,1,0,4,0,0,0,0,0,0,0,0,0,0,0,0,0,0,0,0,0,0,3
598,1,0,5,3,0,1,0,3,0,0,0,0,0,0,0,0,0,0,0,0,0,0,0,0,0,0,3
600,1,0,5,3,0,2,0,3,0,0,0,0,0,0,0,0,0,0,0,0,0,0,0,0,0,0,2
602,1,0,4,3,0,1,0,2,0,0,0,0,0,0,0,0,0,0,0,0,0,0,0,0,0,0,2
604,1,0,3,2,0,1,0,1,0,0,0,0,0,0,0,0,0,0,0,0,0,0,0,0,0,0,2
606,1,0,2,2,0,1,0,0,0,0,0,0,0,0,0,0,0,0,0,0,0,0,0,0,0,0,2
608,1,0,1,2,0,1,0,0,0,0,1,0,0,0,0,1,0,0,0,0,0,0,0,0,0,0,2
610,1,0,1,2,0,0,0,0,0,0,0,0,0,0,0,1,0,0,0,0,0,0,0,0,0,0,2
612,1,0,0,1,0,0,0,0,0,0,0,0,0,0,0,0,0,0,0,0,0,0,0,0,0,0,2
614,1,0,0,0,0,0,0,0,0,0,0,0,0,0,0,0,0,0,0,0,0,0,0,0,0,0,3
616,1,0,0,0,0,0,0,0,0,0,0,0,0,1,0,1,0,0,0,0,0,0,0,0,0,0,3
618,1,0,0,0,0,0,0,0,0,0,0,0,0,1,0,1,0,0,0,0,0,0,0,0,0,0,4
620,1,0,0,0,0,0,0,0,0,0,0,1,0,2,0,2,0,0,0,0,0,0,0,0,0,0,4
622,1,0,0,0,0,0,0,0,0,0,0,0,0,2,0,1,0,0,0,0,0,0,0,1,0,0,4
624,1,0,0,0,0,0,0,0,0,0,0,0,0,1,0,0,0,0,0,0,0,0,0,2,0,0,4
626,1,0,0,0,0,0,0,0,0,0,0,0,0,0,0,0,0,0,0,0,0,0,0,3,0,1,4
628,1,0,0,0,0,0,0,0,0,0,0,0,0,0,0,0,0,0,0,0,1,0,0,3,0,2,4
630,1,0,0,0,0,0,0,0,0,0,0,0,0,0,0,1,0,0,0,0,0,0,0,3,0,2,3
632,1,0,0,0,0,0,0,0,0,0,0,0,0,0,0,0,0,0,0,0,0,1,0,3,0,2,3
634,1,0,0,0,0,0,1,0,0,0,0,0,0,0,0,0,0,0,0,0,0,1,0,2,0,1,3
636,1,1,0,0,0,0,1,0,0,0,0,0,0,0,0,0,0,0,0,0,0,0,0,2,0,0,3
638,1,1,0,0,0,0,0,0,0,0,0,1,0,1,0,0,0,0,0,0,0,0,0,2,0,0,3
640,1,1,0,0,0,0,0,0,0,0,0,2,0,1,0,0,0,0,0,0,0,0,0,1,0,0,3
642,1,1,0,0,0,0,0,0,0,0,0,1,0,1,0,0,0,0,0,0,0,0,0,0,0,0,3
644,1,1,0,0,0,0,0,0,0,0,0,0,0,1,0,0,0,0,0,0,0,0,0,0,0,0,3
646,1,1,0,0,0,0,0,0,0,0,0,0,0,0,0,0,0,0,0,0,1,0,0,0,0,0,3
648,0,1,0,0,0,0,0,0,0,0,0,0,0,0,0,0,0,0,0,0,1,0,0,0,0,0,3
650,0,1,0,0,0,0,0,0,0,0,0,0,0,0,0,0,0,0,0,0,2,0,0,0,0,0,3
652,0,0,0,0,0,0,0,0,0,0,0,0,0,0,0,0,0,0,0,0,2,0,0,0,0,1,3
654,0,0,0,0,0,0,1,0,0,0,0,0,0,0,0,0,0,0,0,0,1,0,0,0,0,1,3
656,0,0,0,0,0,0,2,0,0,0,0,0,0,0,0,0,0,0,0,0,0,0,0,0,0,1,2
658,0,0,0,0,0,0,3,0,0,0,0,0,0,0,0,0,0,0,0,0,0,0,0,0,0,1,2
660,0,0,0,0,0,0,2,0,0,0,0,0,0,0,0,0,0,0,0,0,0,0,0,0,0,1,2
662,0,0,0,0,0,0,1,0,0,0,0,1,0,0,0,0,0,0,0,0,0,0,0,0,0,1,2
664,0,0,0,0,0,0,0,0,0,0,0,0,0,0,0,0,0,0,0,0,0,0,1,0,0,2,3
666,0,0,0,0,0,0,0,0,0,0,0,0,0,0,0,0,0,0,0,0,0,0,1,0,0,3,3
668,0,0,0,0,0,0,0,0,0,0,0,0,0,0,0,0,0,0,0,0,0,0,1,0,0,3,2
670,0,0,1,0,0,1,0,0,0,0,0,0,0,0,0,0,0,0,0,0,0,0,1,0,0,3,2
672,0,0,0,0,0,0,0,0,0,0,0,0,0,0,0,0,0,0,0,0,0,0,1,0,0,2,2
674,0,0,0,0,0,0,0,0,0,0,0,0,0,0,0,0,0,0,0,0,0,0,1,0,0,2,3
676,0,0,0,0,0,0,0,0,0,0,0,0,0,0,0,0,0,0,0,0,0,0,2,0,0,2,3
678,0,0,0,0,0,0,0,0,0,0,0,0,0,0,0,1,0,0,0,0,0,0,2,0,0,2,3
680,0,0,0,0,0,0,0,0,0,0,0,0,0,0,0,0,0,0,0,0,0,0,2,0,0,2,3
682,0,0,0,0,0,0,0,0,0,0,0,0,0,0,0,0,0,0,0,0,0,0,2,0,1,2,3
684,0,1,0,0,1,0,0,0,0,0,0,0,0,0,0,0,0,0,0,0,0,0,0,0,0,0,0
686,0,0,0,0,1,0,0,0,0,0,0,0,0,0,0,0,0,0,0,0,0,0,0,0,0,0,0
688,0,0,0,0,0,0,0,0,0,0,0,0,0,0,0,0,0,0,0,1,0,0,0,0,1,0,0
690,0,0,0,0,0,0,0,0,0,0,0,0,0,0,0,0,0,0,1,2,0,0,1,0,1,0,0
692,0,0,0,0,0,0,0,0,0,0,0,0,0,0,0,0,0,0,1,1,0,0,1,0,1,0,0
694,0,0,0,0,0,0,0,0,0,0,0,0,0,0,0,0,0,0,0,0,0,0,0,0,1,0,0
696,0,0,0,1,0,0,0,0,1,0,0,0,0,0,0,0,0,0,0,0,0,0,0,0,0,0,0
698,0,0,1,2,0,0,0,0,1,0,0,0,0,0,0,0,0,0,0,0,0,0,0,0,0,0,0
700,0,1,1,3,0,0,0,0,1,0,0,0,0,0,0,0,0,0,0,0,0,0,0,0,0,0,0
702,0,1,1,3,0,0,0,0,1,0,0,0,0,0,0,0,0,0,1,0,0,0,1,0,0,1,0
704,0,2,1,3,0,0,0,0,1,0,0,0,0,0,0,0,0,0,1,0,0,0,1,0,0,0,0
706,0,2,1,3,0,0,0,0,1,0,0,0,0,0,0,0,1,0,0,0,0,0,1,0,0,0,0
708,0,1,1,3,0,0,0,0,1,0,0,0,0,0,0,0,0,0,0,0,0,0,2,0,0,0,0
710,0,0,1,3,0,0,0,0,1,0,0,0,0,0,0,0,0,0,0,0,0,0,3,0,0,0,0
712,0,0,1,2,0,0,0,0,0,0,0,0,0,0,0,0,0,0,0,0,0,0,3,0,0,0,0
714,1,0,2,3,0,0,0,0,1,0,0,0,0,0,0,0,0,0,0,0,0,0,2,0,0,0,0
716,1,0,2,2,0,0,0,0,1,0,0,0,0,0,0,0,1,0,0,0,0,0,1,0,0,0,0
718,1,0,2,3,0,0,0,0,1,0,0,0,0,0,0,0,1,0,0,0,0,0,1,0,0,0,0
720,0,0,1,2,0,0,0,0,0,0,0,0,0,0,0,0,0,0,0,0,0,0,2,0,0,0,0
722,0,0,1,1,0,0,0,0,0,1,1,0,0,0,0,0,0,1,0,0,0,0,1,0,0,0,0
724,0,0,0,0,0,0,0,0,0,2,2,0,0,0,0,0,0,2,0,0,0,0,0,0,0,0,0
726,0,0,0,0,0,0,0,0,0,1,1,0,0,0,0,0,0,1,0,0,0,0,0,0,0,0,0
728,0,0,0,0,0,0,0,0,0,2,1,0,0,0,0,0,1,2,0,0,0,0,0,0,0,0,0
730,0,0,0,0,1,0,0,0,0,1,0,0,0,0,0,0,0,2,0,0,0,0,0,0,0,0,0
732,0,0,0,0,1,0,0,0,0,0,0,0,0,0,0,0,0,2,0,0,0,1,0,0,0,1,0
734,0,0,0,0,0,0,0,0,0,0,1,0,0,0,0,0,0,3,0,0,0,0,0,0,0,0,0
736,0,0,0,0,0,0,0,0,0,0,2,0,1,1,0,0,0,4,0,0,0,0,0,0,0,0,0
738,0,0,0,0,0,0,0,0,0,0,2,0,0,1,0,0,0,4,0,0,0,0,0,0,0,1,0
740,0,0,0,0,0,0,0,0,0,0,3,0,0,1,0,0,0,4,0,0,0,0,0,0,0,1,0
742,0,0,0,1,0,0,0,0,0,0,3,0,0,1,0,0,0,4,0,0,0,0,0,0,0,0,0
744,0,0,0,1,0,0,0,0,0,0,3,0,0,1,0,0,0,4,0,0,1,0,0,0,1,0,0
746,0,0,0,0,0,0,0,0,0,0,2,0,0,0,0,0,0,3,1,0,1,0,0,0,1,1,0
748,0,0,0,0,0,0,0,0,0,0,2,0,0,0,0,0,0,2,1,0,0,0,0,0,1,1,0
750,0,0,0,0,0,0,0,0,0,0,2,0,0,0,0,0,0,3,1,0,0,0,0,0,1,1,0
752,0,0,0,0,0,0,0,0,0,0,3,0,0,0,0,0,0,3,1,0,0,0,0,0,0,1,0
754,0,0,0,0,0,0,0,0,0,0,4,0,1,1,0,0,0,3,0,0,0,0,0,0,0,0,0
756,0,0,0,0,0,0,0,0,0,0,4,0,2,1,0,0,0,4,0,0,0,0,0,0,0,0,0
758,0,0,1,0,0,0,0,0,0,0,4,0,2,1,0,0,0,4,0,0,0,0,0,0,0,0,0
760,0,0,1,0,0,0,0,0,0,0,3,0,1,0,0,0,0,4,0,0,0,0,0,0,0,0,0
762,0,0,1,0,0,0,0,0,0,0,3,0,1,0,0,0,0,5,0,0,0,0,0,0,0,0,0
764,0,0,0,0,0,0,0,0,0,0,3,0,1,0,0,0,0,6,0,0,0,0,0,0,0,0,0
766,0,0,0,0,0,0,0,0,0,0,4,0,2,0,0,0,1,6,0,0,0,0,0,0,0,0,0
768,0,0,0,0,0,0,0,0,0,0,3,0,2,0,0,0,0,6,1,0,0,0,1,0,0,0,0
770,0,0,0,0,0,0,0,0,0,0,2,0,1,0,0,0,0,6,0,0,0,0,0,0,0,0,0
772,0,0,0,0,0,0,0,0,0,0,2,0,1,0,0,1,0,7,0,0,0,0,0,0,0,0,0
774,0,0,0,0,0,0,0,0,0,0,1,0,0,0,0,1,0,6,0,0,0,0,0,0,0,0,0
776,0,0,0,0,0,0,0,0,0,0,1,0,0,0,0,1,0,6,0,0,1,1,0,0,0,0,0
778,0,0,0,0,0,0,0,0,0,0,1,0,0,0,1,1,0,7,0,0,1,1,0,0,0,0,0
780,0,0,0,0,0,0,0,0,0,0,0,0,0,0,0,0,0,7,0,0,1,0,0,0,0,0,0
782,0,0,0,0,0,0,0,0,0,0,0,0,0,0,0,0,0,6,0,0,1,0,0,0,0,0,0
784,0,0,0,0,0,0,0,0,0,0,0,0,0,0,0,0,0,5,0,0,1,0,0,0,0,0,0
786,0,0,0,0,0,0,0,0,0,0,0,0,0,0,0,0,0,4,0,0,2,0,0,1,1,0,0
788,1,0,0,0,0,0,0,0,0,0,0,0,0,0,0,0,0,4,0,0,2,0,0,1,0,0,0
790,2,1,0,0,1,0,1,0,0,0,0,0,0,0,0,0,0,4,0,0,2,0,0,1,0,0,0
792,3,2,0,0,2,0,2,0,0,0,0,0,0,0,0,0,0,4,0,0,2,0,0,1,0,0,0
794,2,1,0,0,1,0,1,0,0,0,0,0,0,0,0,0,0,5,0,0,1,0,0,1,0,0,0
796,1,0,0,0,0,0,0,0,0,0,0,0,0,0,0,0,0,5,0,0,1,0,0,1,0,0,0
798,0,0,0,0,0,0,0,0,0,0,0,0,1,0,0,1,0,6,0,0,1,0,0,1,0,0,0
800,0,0,0,0,0,0,0,0,0,0,0,0,0,0,0,0,0,5,1,0,2,0,0,2,0,0,0
802,0,0,0,0,0,0,1,0,0,0,0,0,0,0,0,0,0,4,1,0,2,0,0,1,0,0,0
804,0,0,0,0,0,0,1,0,0,0,0,0,0,0,0,0,0,4,1,0,3,0,0,1,0,0,0
806,0,0,0,0,0,0,0,0,0,0,0,0,1,0,0,0,1,5,0,0,2,0,0,1,0,0,0
808,0,0,0,0,0,0,0,0,0,0,0,0,2,0,0,1,1,6,0,0,1,0,0,0,0,0,0
810,0,0,0,0,0,0,0,0,0,1,0,0,3,0,0,2,1,6,0,0,0,0,0,0,0,0,0
812,0,0,0,0,0,0,0,0,0,1,0,0,3,0,0,2,1,5,0,0,0,0,0,0,0,0,0
814,0,0,0,0,0,0,0,0,0,0,0,0,2,0,0,1,0,4,0,0,0,0,1,0,0,0,0
816,0,0,0,0,0,0,0,0,0,0,0,0,1,0,0,0,0,3,0,0,1,0,1,0,0,0,0
818,0,0,0,0,0,0,0,0,0,0,0,0,0,0,0,0,0,3,0,0,0,0,1,0,0,0,0
820,0,0,0,0,0,0,0,0,0,0,0,1,0,0,0,0,0,3,0,0,0,0,1,0,0,0,0
822,0,0,0,0,0,0,0,0,0,0,0,1,0,0,0,0,0,3,0,1,0,0,2,0,0,0,0
824,0,0,0,0,0,0,0,0,0,0,0,0,0,0,0,0,0,2,0,0,0,0,1,0,0,0,0
826,1,0,0,0,0,0,1,0,0,0,0,0,0,0,0,0,0,1,0,0,0,0,0,0,0,0,0
828,2,0,1,0,0,0,2,1,0,0,0,0,0,0,0,0,0,0,0,0,0,0,0,0,0,0,0
830,2,0,0,0,0,0,1,1,0,0,0,0,0,0,0,0,0,0,0,0,0,0,0,0,0,0,0
832,2,0,0,0,0,0,0,1,0,0,0,0,0,0,0,0,0,0,0,0,0,0,0,0,0,0,0
834,3,1,0,0,0,0,0,2,0,0,0,0,0,0,0,0,0,0,0,0,0,0,0,0,0,0,0
836,4,1,0,0,0,0,0,2,0,0,0,0,0,0,0,0,0,0,0,0,0,0,0,0,0,0,0
838,3,0,0,0,0,0,0,1,0,0,0,1,0,0,0,1,0,1,0,0,0,0,0,0,0,0,0
840,3,0,0,0,0,0,0,0,0,0,0,1,0,0,0,1,0,1,0,0,0,0,0,0,0,0,0
842,4,1,0,0,0,0,0,0,0,0,0,0,0,0,0,1,0,1,0,0,0,0,0,0,0,0,0
844,5,2,0,1,0,1,0,0,0,0,0,0,0,0,0,0,0,0,0,0,0,0,0,0,0,0,0
846,4,1,0,0,0,1,0,0,0,0,0,0,0,0,0,0,0,0,0,0,0,0,0,0,0,0,0
848,3,0,0,0,0,0,0,0,0,0,0,0,0,0,0,0,0,0,0,0,0,1,1,0,1,0,0
850,2,0,0,0,0,0,0,0,0,0,0,0,0,0,0,0,0,0,0,0,0,2,2,1,1,0,0
852,3,0,0,0,0,0,0,0,0,0,0,0,0,0,0,0,0,0,0,0,0,1,2,0,1,0,0
854,4,0,0,0,0,0,0,0,1,0,0,0,0,0,0,0,0,0,0,0,0,0,2,0,0,0,0
856,3,0,0,0,0,0,0,0,0,0,0,0,0,0,0,0,0,0,0,0,0,0,2,0,0,0,0
858,2,0,0,0,0,0,0,0,0,0,0,0,0,0,1,0,1,0,0,0,0,0,2,0,0,0,0
860,1,0,0,0,0,0,0,0,0,0,0,0,0,0,0,0,1,0,0,0,0,0,2,0,0,0,0
862,2,0,1,0,0,0,0,0,0,0,0,0,0,0,0,0,0,0,0,0,0,0,1,0,0,0,0
864,1,0,0,0,0,0,0,0,0,0,1,0,0,0,0,0,0,0,0,0,0,0,1,0,0,0,0
866,2,0,1,0,0,0,0,0,1,0,0,0,0,0,0,0,0,0,0,0,0,0,0,0,0,0,0
868,1,0,1,0,0,0,0,0,1,0,0,0,0,0,0,0,0,0,0,0,0,0,0,0,0,0,0
870,1,0,0,0,0,0,0,0,1,0,0,0,0,0,0,0,0,0,0,0,0,0,0,0,0,0,0
872,2,0,0,0,0,0,0,0,2,0,0,0,0,0,0,0,0,0,0,0,0,0,0,0,0,0,0
874,2,0,0,0,0,0,0,0,2,0,0,0,0,0,0,0,0,0,0,0,0,0,0,0,0,0,0
876,1,0,0,0,0,0,0,0,1,0,0,0,0,0,0,0,0,0,0,0,0,0,1,1,1,0,0
878,2,1,1,0,0,0,0,0,2,0,0,0,0,0,0,0,0,0,0,0,0,0,0,0,0,0,0
880,1,1,1,0,0,0,0,0,2,0,0,0,0,0,0,0,0,0,0,0,0,0,0,0,0,0,0
882,2,2,2,1,0,0,0,0,3,0,0,0,0,0,0,0,0,0,0,0,0,0,0,0,0,0,0
884,0,0,0,0,0,0,0,0,0,0,0,0,1,0,0,0,1,0,0,0,0,0,0,0,0,0,0
886,0,0,0,0,0,0,0,0,0,0,0,0,0,0,0,0,1,0,0,0,0,0,0,0,0,0,0
888,0,0,0,0,0,0,0,0,0,0,0,0,0,0,0,0,1,0,0,0,0,0,0,0,0,0,0
890,0,0,0,0,0,0,0,0,0,0,0,0,0,0,0,0,2,0,0,0,0,0,0,0,0,0,0
892,0,0,0,0,0,0,0,0,0,0,0,0,0,0,0,0,2,0,0,0,0,0,0,0,0,0,0
894,0,0,0,0,0,0,0,0,0,0,0,0,0,0,0,0,2,0,0,0,0,0,0,1,1,0,0
896,0,0,0,0,0,0,0,0,0,0,0,0,0,1,0,0,3,0,0,0,0,0,0,1,1,0,0
898,0,0,0,0,0,0,0,0,0,0,0,1,0,1,0,0,4,0,0,0,0,0,0,1,1,0,0
900,0,0,0,0,0,0,0,0,0,0,0,2,0,1,0,0,4,0,0,0,0,0,0,1,0,0,0
902,0,0,0,0,0,0,1,0,0,0,0,1,0,1,0,0,4,0,0,0,0,0,0,1,0,0,0
904,0,0,0,0,0,0,1,0,0,0,0,1,0,1,0,0,5,0,0,0,0,0,0,1,0,0,0
906,0,0,0,0,0,0,1,0,0,0,0,1,1,1,0,0,6,0,0,0,0,0,0,1,0,0,0
908,0,0,0,0,0,0,1,0,0,0,0,1,0,1,0,0,6,0,0,0,0,0,0,1,0,0,0
910,0,0,0,0,0,0,1,0,0,0,0,1,0,0,0,0,6,0,0,0,0,0,0,1,0,0,0
912,0,0,0,0,0,0,1,0,0,0,0,1,1,0,0,0,7,0,0,0,0,0,0,1,0,0,0
914,0,1,0,0,0,0,1,0,1,0,0,1,1,0,0,0,7,0,0,0,0,0,0,1,0,0,0
916,0,1,0,0,0,0,1,0,0,0,0,1,1,1,0,0,7,0,0,0,0,0,0,1,0,0,0
918,0,1,0,0,0,0,1,0,0,1,0,1,2,1,0,0,8,0,0,0,0,0,0,1,0,0,0
920,0,2,0,0,0,0,1,0,0,0,0,1,1,1,0,0,7,0,0,0,0,0,0,1,0,0,0
922,0,1,0,0,0,0,1,0,0,0,0,1,0,1,0,0,7,0,1,0,0,0,0,1,0,0,0
924,0,1,0,0,0,0,0,0,0,0,0,1,0,2,0,0,7,0,0,0,0,0,0,1,0,0,0
926,0,1,0,0,0,0,0,0,0,0,0,1,0,2,0,0,7,0,0,0,0,0,0,2,0,0,0
928,0,1,0,0,0,0,0,0,0,0,0,2,1,2,0,0,8,0,0,0,0,0,0,2,0,0,0
930,0,1,0,0,0,0,0,0,0,0,0,1,1,2,0,0,8,0,0,0,0,0,0,1,0,0,0
932,0,0,0,0,0,0,0,0,0,1,0,1,2,3,0,0,9,0,0,0,0,0,0,1,0,0,0
934,0,0,0,0,0,0,0,0,0,0,0,0,0,0,0,0,0,0,0,0,1,0,0,0,0,0,0
936,0,0,0,0,0,0,0,0,0,0,0,0,0,0,0,0,0,0,1,0,0,0,0,0,0,0,0
938,0,0,0,0,0,0,1,0,1,0,0,0,0,0,0,0,0,0,0,0,0,0,0,0,0,0,0
940,0,0,0,0,0,0,0,0,0,0,0,0,0,0,0,0,0,0,0,0,0,0,1,0,0,0,1
942,0,0,0,0,0,0,0,0,0,1,0,0,0,0,0,0,0,0,0,0,0,0,1,0,0,0,1
944,0,0,0,0,0,0,0,0,0,1,0,0,0,0,0,0,0,0,0,1,0,0,1,0,0,0,1
946,0,0,0,0,0,0,0,0,0,1,0,0,0,0,0,0,0,0,0,1,0,0,2,0,0,0,1
948,0,0,0,0,0,0,0,0,0,1,0,0,0,0,0,0,0,0,0,0,0,0,2,0,0,0,1
950,0,0,0,0,0,0,0,0,0,1,0,0,0,0,0,0,0,0,0,0,0,0,2,0,0,0,2
952,0,0,0,0,0,0,0,0,0,0,0,0,0,0,0,0,0,0,0,0,0,0,2,0,0,0,3
954,0,0,0,0,0,1,0,0,0,0,0,0,0,0,0,0,0,0,0,0,0,0,2,0,0,0,2
956,0,0,0,0,0,2,0,0,0,0,0,0,0,0,0,0,0,0,0,0,0,0,2,0,0,0,1
958,0,0,0,0,0,1,0,0,0,0,0,0,0,0,0,0,0,0,0,1,0,0,2,0,0,0,2
960,0,0,0,0,0,2,0,0,0,0,0,0,0,0,0,0,0,0,0,0,0,0,2,0,0,0,2
962,0,0,0,0,0,3,1,0,0,0,0,0,0,0,0,0,0,0,0,0,0,0,2,0,0,0,2
964,0,0,0,0,0,3,1,0,0,0,0,0,0,0,0,0,0,0,0,0,0,0,2,0,0,0,3
966,0,0,0,0,0,2,1,0,0,0,1,0,0,0,0,0,1,0,0,0,0,0,2,0,0,0,2
968,0,0,0,0,0,1,1,0,0,0,0,0,0,0,0,0,0,0,0,0,0,0,2,0,0,0,3
970,0,1,0,0,0,2,1,0,0,0,0,0,0,0,0,0,0,0,0,0,0,0,2,0,0,0,2
972,0,1,0,0,0,1,1,0,0,0,0,0,0,0,0,0,0,0,0,0,1,0,2,0,0,0,2
974,0,1,0,0,0,1,1,0,0,0,0,0,0,0,0,0,1,0,0,0,1,0,1,0,0,0,2
976,0,2,0,0,0,2,1,0,0,0,0,0,0,0,0,0,0,0,0,0,1,0,1,0,0,0,1
978,0,3,0,0,0,2,1,1,0,0,0,0,0,0,0,0,0,0,0,0,1,0,0,0,0,0,1
980,0,2,0,0,0,1,1,0,0,0,0,0,0,0,0,0,0,0,0,0,1,0,0,0,0,0,2
982,0,0,0,0,1,0,0,0,0,0,0,0,0,0,0,0,0,0,0,0,0,0,0,0,0,0,0
984,0,0,0,0,0,0,0,0,0,0,0,0,0,0,0,0,0,0,0,0,0,0,0,0,0,0,0
1,0,0,0,0,0,0,0,0,0,0,0,0,0,0,0,0,0,0,0,0,0,1,1,0,1,0,0
3,0,0,0,0,0,0,0,1,0,0,0,0,0,0,0,0,0,0,0,0,0,0,0,0,0,0,0
5,0,0,0,0,0,0,0,0,0,0,0,0,0,0,0,0,0,0,0,0,0,1,2,0,2,0,1
7,0,0,0,0,0,0,0,1,0,0,0,0,0,0,0,0,0,0,0,0,0,0,0,0,0,0,0
9,0,0,0,0,0,0,0,0,0,0,0,0,0,0,0,0,0,0,1,1,1,1,2,0,1,0,0
1,0,0,0,0,0,0,0,0,0,0,0,0,0,0,0,0,0,0,0,0,0,0,0,0,0,0,0
3,0,0,0,0,0,0,0,0,0,0,0,0,0,0,0,0,0,0,0,0,0,0,0,1,0,0,0
5,1,1,0,0,2,0,0,1,0,0,0,0,0,0,0,0,0,0,0,0,0,0,0,0,0,0,0
7,0,0,0,0,1,0,0,0,0,0,0,0,0,0,2,0,0,0,0,0,0,0,0,0,0,0,0
9,0,1,2,0,2,0,0,0,2,0,0,0,0,0,0,0,0,0,0,0,0,0,0,0,0,0,0
1,0,0,0,0,0,0,0,0,0,0,0,0,0,0,0,0,0,0,0,0,0,0,0,0,0,0,0
3,0,0,0,0,0,0,0,0,0,0,0,0,0,0,0,0,0,0,0,0,0,0,0,0,0,0,0
5,0,0,0,0,0,0,1,0,0,0,0,0,0,0,0,0,0,0,0,0,0,0,0,0,0,0,0
7,0,0,0,0,0,0,0,0,0,1,0,0,1,0,2,1,1,0,0,0,0,0,0,0,0,0,0
9,0,0,0,0,0,0,0,0,0,0,0,0,0,0,0,0,0,0,0,0,0,0,1,0,0,1,0
1,0,0,0,0,0,0,0,0,0,0,0,0,0,0,0,0,0,0,0,0,0,0,0,0,0,0,0
3,0,1,0,1,0,2,0,0,0,0,0,0,0,0,0,0,0,0,0,0,0,0,0,0,0,0,0
5,0,0,0,0,0,1,0,0,0,0,0,0,0,0,0,0,0,0,0,0,2,0,0,0,2,0,2
7,0,1,0,2,0,2,0,1,0,0,0,0,0,0,0,0,0,0,0,0,0,0,0,0,0,0,1
9,0,0,0,1,0,0,0,0,0,0,0,0,0,0,0,0,0,0,0,0,2,0,1,0,2,0,3
1,1,0,0,0,0,0,0,0,0,0,0,0,0,0,0,0,0,0,0,0,0,0,0,0,0,0,0
3,0,0,0,0,0,0,0,0,0,0,0,1,0,1,2,0,0,1,0,0,0,0,0,0,0,0,0
5,0,0,0,0,0,0,0,0,0,0,0,0,0,0,1,0,0,0,2,0,0,0,0,0,0,2,0
7,0,0,0,0,2,0,1,0,1,0,0,0,0,0,0,0,0,0,1,0,0,0,0,0,0,0,0
9,0,0,0,0,3,0,2,0,2,0,0,0,0,0,0,0,0,0,0,0,0,0,0,0,0,0,0
1,0,0,0,0,0,0,0,0,0,0,0,0,0,0,0,1,0,1,0,0,0,0,0,0,0,0,0
3,0,0,0,0,0,0,0,0,0,1,0,0,0,1,1,2,1,3,0,0,0,0,0,0,0,0,0
5,0,0,0,0,0,0,0,0,0,0,0,0,0,0,0,1,0,1,0,0,0,0,1,0,0,0,0
7,0,0,0,0,0,0,0,0,0,1,0,0,1,0,1,2,0,3,0,0,0,0,0,0,0,0,0
9,0,0,0,0,0,0,0,0,0,2,0,0,2,0,2,3,1,5,0,0,0,0,0,0,0,0,0
1,0,0,0,0,0,0,0,0,0,0,0,0,0,0,0,0,0,0,0,0,0,0,0,0,1,0,0
3,0,0,0,0,0,0,0,0,0,0,0,0,0,0,0,0,0,0,0,1,0,0,0,1,2,0,1
5,1,0,2,0,0,0,0,1,0,0,0,0,0,0,0,0,0,0,0,0,0,0,0,0,1,0,0
7,0,0,1,0,0,0,0,0,0,0,0,0,0,0,0,0,0,2,0,0,0,0,0,0,0,0,0
9,0,0,0,0,0,0,0,0,0,2,0,0,0,0,0,2,0,3,0,0,0,0,0,0,0,0,0
1,0,0,0,0,0,0,0,0,0,0,0,0,0,0,0,0,0,0,0,0,0,0,0,0,0,0,0
3,0,0,0,0,0,0,0,0,0,1,0,2,0,0,0,0,1,0,0,0,0,0,0,0,0,0,0
5,0,0,0,0,0,0,0,0,0,0,0,0,0,0,0,0,0,0,0,0,0,1,1,0,0,0,1
7,0,2,0,0,0,0,1,0,0,0,0,0,0,0,0,0,0,0,0,0,0,0,0,0,0,0,0
9,0,4,0,1,1,0,2,0,0,0,0,0,0,0,0,0,0,0,0,0,0,0,0,0,0,0,0
1,0,0,0,0,0,0,0,0,0,0,0,0,0,0,0,0,0,0,0,0,0,0,0,0,0,0,0
3,0,0,0,0,0,0,0,0,0,0,0,0,1,1,0,1,1,0,0,0,0,0,0,0,0,0,0
5,0,0,0,0,0,0,0,0,0,1,0,0,3,2,1,3,2,0,0,0,0,0,0,0,0,0,0
7,0,1,2,0,0,0,0,0,1,0,0,0,2,0,0,1,1,0,0,0,0,0,0,0,0,0,0
9,0,2,3,0,0,1,0,0,2,0,0,0,1,0,0,0,0,0,0,0,0,0,0,0,0,0,0
1,0,0,0,0,0,0,0,0,0,0,0,0,0,0,0,0,0,0,0,0,0,0,0,0,0,0,0
3,0,0,0,0,0,0,0,0,1,1,2,0,1,1,2,2,0,1,0,1,0,1,0,2,0,0,0
5,1,0,0,0,0,0,0,0,0,1,5,2,2,3,7,7,1,2,0,1,0,1,0,2,0,0,0
7,1,0,0,0,0,0,0,0,0,4,7,6,5,6,9,11,4,4,0,1,0,1,0,2,0,0,0
9,1,0,0,0,0,0,0,0,0,3,5,8,6,8,7,13,4,2,0,1,0,1,0,2,0,0,0
1,0,0,1,1,0,0,1,0,0,0,1,0,1,0,3,3,0,0,0,3,0,0,0,0,1,0,1
3,1,0,1,1,1,0,1,0,0,0,0,0,0,0,0,1,0,1,1,0,1,2,0,0,1,1,1
5,1,0,0,1,0,0,0,0,0,0,0,1,1,0,0,3,1,2,2,0,2,2,1,4,3,1,1
7,0,0,0,1,0,0,0,0,0,1,0,1,1,0,0,2,1,0,4,1,4,4,3,7,5,2,2
9,0,1,0,1,0,0,0,0,0,1,0,1,1,0,0,2,1,0,3,1,5,2,4,8,5,2,3
1,0,1,1,0,1,3,1,2,1,0,1,1,0,0,0,0,0,0,1,1,0,0,0,1,0,0,0
3,0,0,0,0,0,4,2,1,1,2,2,1,2,0,1,0,0,0,2,2,1,0,0,2,1,1,1
5,0,0,0,0,1,3,1,0,1,2,2,0,2,1,2,0,0,0,3,4,5,2,3,3,3,1,2
7,0,0,0,0,1,2,1,0,1,2,2,1,3,1,2,1,0,0,2,4,4,4,3,4,2,0,2
9,0,0,0,0,1,2,1,0,0,3,2,1,4,1,2,2,2,0,4,3,5,5,3,5,2,1,2
1,0,0,0,1,1,0,0,1,0,0,0,1,0,1,0,1,2,1,0,2,3,0,1,0,0,0,0
3,0,0,1,1,3,1,0,1,0,2,2,2,1,3,2,4,4,3,0,1,2,0,1,0,0,0,0
5,0,0,1,2,2,1,0,1,0,1,2,3,1,3,4,4,2,4,0,3,4,1,1,1,0,0,0
7,0,0,1,1,1,1,0,1,0,2,4,3,3,6,7,6,4,7,1,5,3,2,1,1,0,0,0
9,0,0,1,2,1,1,0,1,0,1,5,6,5,6,8,5,6,7,1,4,2,2,1,1,0,0,0
1,0,2,0,0,0,0,0,0,0,0,1,0,2,1,4,1,0,2,1,0,0,0,0,0,1,0,0
3,0,0,0,0,0,0,0,0,0,0,3,1,2,2,3,2,1,2,2,1,0,1,2,1,2,1,1
5,0,0,0,0,0,0,0,0,0,0,2,2,0,2,1,2,2,1,3,3,3,3,4,3,3,4,3
7,0,0,0,0,0,0,0,0,0,0,1,2,0,2,0,2,2,1,4,6,6,6,6,6,4,7,5
9,0,0,0,0,0,0,0,0,0,0,1,2,0,2,0,2,2,1,5,8,9,9,8,8,8,11,6
1,0,2,2,1,0,0,0,0,0,0,0,0,0,0,0,2,1,0,0,0,1,1,0,1,2,1,0
3,2,2,3,2,2,0,0,0,0,0,0,0,0,0,0,1,1,0,0,1,2,2,1,3,5,2,2
5,2,2,2,3,1,0,0,0,0,0,0,0,0,0,0,0,1,0,0,2,2,6,3,4,7,5,3
7,1,2,3,3,1,0,0,0,0,0,0,0,0,0,0,0,1,0,0,2,2,6,4,3,8,5,2
9,2,4,6,4,1,0,0,0,0,0,0,0,0,0,0,0,1,0,0,1,2,6,5,2,8,5,1
1,0,2,1,0,0,1,0,0,0,0,0,1,1,0,2,1,1,2,0,1,1,0,0,2,0,0,0
3,2,2,1,0,0,0,0,0,0,1,2,3,2,3,4,2,3,4,0,1,1,0,0,1,0,0,0
5,5,3,2,1,1,1,0,0,0,0,2,4,1,5,6,1,2,5,0,1,1,0,0,0,0,0,0
7,7,4,5,2,3,2,0,0,0,0,2,2,0,4,5,3,2,4,0,1,1,0,0,0,0,0,0
9,7,2,7,3,4,2,0,0,0,0,2,3,1,6,7,5,4,7,0,1,1,0,0,0,0,0,0
1,0,1,1,0,1,1,4,1,0,1,1,0,0,0,0,0,0,0,0,2,1,0,0,0,0,0,0
3,1,1,2,2,3,2,7,3,0,1,0,1,0,0,0,0,1,0,1,2,2,1,0,0,0,0,0
5,3,1,3,4,3,1,6,4,2,3,0,1,1,0,0,0,1,1,1,1,2,2,0,0,0,0,0
7,3,0,4,5,2,1,6,5,2,4,1,3,2,0,0,0,1,2,1,0,1,2,0,0,0,0,0
9,3,0,4,5,1,2,6,5,1,3,1,5,4,0,0,0,1,1,1,0,1,2,0,0,0,0,0
1,0,0,0,0,0,0,1,0,0,0,2,1,0,1,0,1,0,0,0,0,2,1,0,0,3,2,0
3,0,0,0,0,0,0,0,0,0,1,4,3,2,3,2,1,1,0,0,1,2,1,0,1,2,3,2
5,0,0,0,0,0,0,0,0,0,2,5,2,3,1,4,0,2,0,0,1,2,0,0,0,1,3,3
7,0,0,0,0,0,0,0,0,0,1,5,2,3,0,5,1,2,1,1,2,1,0,0,0,0,2,2
9,0,0,0,1,0,0,0,0,0,2,8,6,4,0,9,4,3,2,1,2,0,0,0,0,0,2,1
1,1,0,2,1,0,1,0,0,0,0,0,0,0,0,1,0,0,0,0,0,2,1,1,1,0,3,1
3,2,1,1,1,1,1,1,0,0,0,0,1,2,2,3,2,3,2,0,0,2,1,1,1,0,2,1
5,2,1,2,0,1,1,1,0,0,1,0,2,5,4,5,4,6,5,0,0,1,1,0,1,0,1,1
7,3,2,5,0,1,1,1,0,0,1,0,2,5,5,3,4,5,6,0,0,0,1,0,1,0,1,1
9,2,3,4,0,1,1,1,0,0,1,0,2,4,6,1,4,4,7,0,0,0,1,0,1,0,1,1
1,0,0,0,0,0,0,1,0,0,1,1,0,0,1,1,2,0,1,0,1,0,1,2,1,2,0,0
3,0,1,0,0,0,0,1,0,0,1,3,2,1,2,3,3,3,3,1,1,0,2,2,1,2,0,0
5,0,1,0,0,0,0,1,0,0,5,4,3,3,5,5,4,8,5,1,1,1,2,2,1,2,0,0
7,0,1,0,0,0,0,1,0,0,5,4,3,3,5,6,3,8,5,1,2,2,3,2,1,2,0,0
9,0,1,0,0,0,0,1,0,0,7,6,9,4,9,7,7,11,6,1,2,2,2,2,1,2,0,0
1,1,0,1,0,1,1,3,0,1,0,0,0,0,0,0,0,0,1,1,1,2,0,0,3,0,0,0
3,1,0,1,0,1,1,3,0,2,0,0,0,0,0,0,0,0,0,3,3,3,2,3,4,3,1,1
5,1,0,1,0,0,1,2,0,1,0,0,0,0,0,0,0,0,0,5,4,7,5,7,5,4,2,3
7,1,0,1,0,0,1,2,0,0,0,0,0,0,0,0,0,0,0,5,5,6,7,7,3,2,2,4
9,1,0,1,0,0,1,2,0,0,0,0,0,0,0,0,0,0,0,7,7,11,9,12,4,3,4,8
1,0,0,0,0,1,1,0,2,1,0,0,1,0,0,0,1,1,1,1,0,1,1,0,2,0,1,2,3,0,0,0,0,1,2,0,1,0,2,0,0,0,0,0,1,0,0,1,1,0,1,0,0,2,0,0,0,2,1,1,2,2,0,0,0,0,0,0,1,0,0,0,0,0,1,0,2,2,0,1,0,0,1,0,0,0,0,2,1,2,0,0,1,3,0,1,3,1,1,1,0,1,2,1,0,0,0,0,0,1,0,0,0,0,0,1,0,0,1,1,0,0,1,2,0,1,2,2,0,0,0,0,0,0,0,2,0,0,0,1,0,1,0,0,1,0,0,0,0,0,0,0,1,1,0,0,0,0,1,0,2,1,2,2,0,0
3,0,0,1,0,2,3,1,3,2,2,2,3,3,0,0,3,3,1,2,0,3,3,0,4,2,2,5,5,2,1,2,3,5,3,2,4,2,3,2,2,2,3,1,1,1,2,2,3,0,2,0,0,3,1,0,1,3,1,3,1,3,1,1,1,0,0,1,1,0,0,0,0,1,2,0,2,3,0,2,0,0,1,0,0,0,0,2,0,2,0,0,1,3,1,1,3,1,1,2,0,1,2,2,0,0,0,0,0,0,0,0,1,0,0,1,0,0,1,0,0,0,0,2,0,1,3,4,0,0,0,1,0,1,1,2,0,1,0,0,0,1,0,0,1,0,0,0,0,0,0,0,1,1,2,1,0,2,1,1,2,3,4,5,1,0
5,1,2,2,2,2,5,1,4,5,4,2,4,5,0,0,3,3,0,1,0,3,4,0,4,2,1,6,6,2,5,3,5,7,2,3,4,3,3,3,5,5,3,1,3,1,1,4,3,0,1,0,0,2,1,0,0,3,0,2,0,3,0,1,1,0,0,2,1,0,0,0,0,1,2,0,1,2,0,2,0,0,1,0,0,0,0,1,1,2,1,0,1,2,1,0,2,1,1,2,1,1,1,2,0,0,0,0,0,0,0,0,1,0,0,1,0,0,1,0,1,1,0,3,2,3,6,5,2,2,2,4,3,2,3,3,1,3,0,1,0,2,0,0,1,1,0,0,0,0,0,1,2,1,2,2,0,4,3,3,2,6,6,9,3,2
7,2,6,4,5,4,8,3,8,8,8,5,8,8,3,2,5,4,0,1,2,5,6,2,6,4,3,10,7,4,8,6,11,9,2,8,8,5,4,6,9,9,4,3,6,4,2,9,5,2,1,1,0,2,1,0,0,2,0,1,0,3,0,1,1,0,0,2,1,0,0,0,0,0,1,0,1,2,0,2,0,0,1,0,0,0,0,1,1,1,1,0,1,2,1,0,2,1,1,1,1,0,1,2,0,0,0,0,0,0,0,0,1,0,0,1,0,0,1,0,1,1,0,3,2,2,6,4,4,3,4,4,3,3,4,2,1,3,0,1,0,1,0,0,1,1,0,0,0,0,0,1,2,0,2,1,0,5,3,3,1,6,6,10,4,4
9,3,6,4,7,2,8,5,7,10,10,4,10,8,5,4,7,5,2,2,4,6,6,6,7,6,3,11,7,3,10,9,11,8,2,10,9,5,2,7,10,10,3,4,8,8,3,8,3,4,0,1,0,2,1,0,0,2,0,1,0,3,0,1,1,0,0,2,1,0,0,0,0,0,1,0,1,2,0,2,0,0,1,0,0,0,0,1,2,1,2,0,1,2,1,0,2,1,1,1,1,0,1,2,0,0,0,0,0,0,0,0,1,0,0,1,0,0,1,0,1,1,0,3,1,1,5,3,3,4,3,3,3,2,4,1,1,3,0,1,0,1,0,0,0,1,0,0,0,0,0,1,2,0,2,0,0,5,4,4,1,7,5,10,5,6
1,1,1,0,3,1,0,2,2,0,0,1,2,2,0,0,0,1,1,1,0,2,0,2,1,0,0,2,0,1,2,2,0,1,1,0,0,0,0,1,2,2,0,4,1,0,0,2,0,1,1,1,1,1,1,0,0,1,0,0,0,0,0,1,0,1,1,2,1,0,1,0,1,0,1,1,0,0,1,2,1,0,1,0,0,3,0,1,2,1,0,3,0,0,0,0,0,0,0,2,1,0,1,1,3,1,1,0,0,0,0,1,0,0,0,1,0,2,0,0,0,0,0,0,1,1,0,1,1,1,0,1,0,0,0,0,1,0,0,1,0,0,0,1,0,0,0,1,0,1,2,0,0,0,0,0,0,0,0,0,1,0,1,0,1,0
3,1,1,0,3,2,0,2,2,0,0,0,2,3,0,0,0,1,0,0,0,1,1,2,2,1,0,1,1,3,2,2,1,1,1,0,0,0,0,0,3,2,0,3,0,0,0,3,0,2,1,0,2,0,1,0,0,1,0,0,0,0,0,1,1,1,2,2,1,0,0,0,1,1,2,1,2,1,1,2,1,1,0,0,0,2,1,1,3,2,1,2,1,1,1,0,0,0,1,4,0,0,0,1,1,1,2,0,0,0,0,2,0,0,3,3,1,4,3,1,1,1,2,2,2,4,2,2,3,4,1,2,0,1,2,1,2,3,3,2,0,1,1,3,1,2,1,2,1,1,4,3,0,3,1,1,1,2,2,1,3,3,3,2,2,1
5,1,0,0,2,2,0,2,1,0,0,0,1,2,0,0,0,1,0,0,0,0,1,1,2,1,0,0,2,3,3,3,2,3,1,0,0,0,0,0,3,1,0,2,0,0,0,2,0,1,1,0,2,0,1,0,0,1,0,1,0,0,0,1,0,0,1,2,1,0,0,0,1,1,2,0,2,1,0,1,1,1,0,0,0,1,1,1,2,2,1,0,1,1,1,0,0,0,2,2,0,0,0,0,0,1,1,0,0,0,0,3,2,2,6,5,3,6,7,2,3,3,6,6,5,7,5,4,7,7,3,4,2,2,5,3,5,7,5,3,1,1,2,6,2,4,5,4,2,5,6,7,1,7,4,2,2,6,4,5,5,6,7,5,3,3
7,1,0,0,2,2,0,2,1,0,0,0,1,1,0,0,0,1,0,0,0,0,1,1,1,1,0,0,2,3,4,3,3,5,1,0,0,0,0,0,3,1,0,2,0,0,0,2,0,0,1,0,2,0,1,0,0,2,0,1,0,0,0,1,0,0,2,2,1,0,0,0,1,1,2,0,3,2,1,1,1,1,0,0,0,1,2,3,3,3,2,2,1,1,1,0,0,0,2,3,0,0,0,0,0,1,1,0,0,0,0,2,3,5,9,5,5,5,7,2,4,5,7,10,7,8,6,3,8,6,5,4,5,4,9,2,4,8,7,3,3,2,2,5,2,5,5,6,2,8,6,6,5,7,6,5,3,6,4,9,4,6,8,7,3,5
9,1,1,1,2,2,0,2,1,0,0,0,1,1,0,0,0,1,0,0,0,0,1,1,2,1,0,1,3,5,8,4,4,7,1,1,0,0,0,0,3,1,0,2,0,0,0,2,0,0,1,0,2,0,1,0,0,2,1,1,0,0,0,1,0,0,2,2,1,0,0,0,1,1,2,0,3,1,1,1,1,1,1,0,0,1,2,3,3,2,3,3,2,1,1,1,0,0,2,3,0,0,0,0,0,1,1,0,0,0,0,1,2,5,12,5,7,3,7,2,5,6,8,13,9,9,7,1,7,5,6,5,9,5,10,2,3,8,8,3,4,2,2,5,2,5,4,7,0,10,7,5,8,7,7,8,4,7,4,11,3,6,9,8,4,7
1,2,0,1,0,2,2,0,0,0,0,0,0,0,0,1,3,0,1,4,2,0,0,0,2,0,0,0,0,0,0,2,0,1,0,1,1,0,1,0,1,0,0,1,0,0,0,1,2,0,2,0,1,0,0,0,0,0,0,0,0,0,1,0,0,0,0,0,0,0,0,0,0,0,0,1,1,1,0,0,0,0,1,0,0,0,0,0,1,0,0,1,0,0,1,0,1,0,2,1,0,0,0,1,1,0,0,2,2,1,0,1,0,1,1,2,1,1,0,1,3,1,1,3,1,4,1,0,0,1,1,1,0,0,3,1,3,1,3,0,1,2,3,0,0,0,0,0,2,1,0,1,0,2,1,2,0,3,0,0,1,0,0,0,1,0
3,0,0,2,0,1,2,0,0,0,0,0,0,0,1,0,2,1,1,3,3,0,1,0,1,0,0,0,0,0,0,1,0,1,1,1,1,0,1,1,1,2,1,0,1,0,0,1,2,1,2,1,1,1,0,0,0,0,0,1,0,1,1,0,0,1,0,0,1,0,0,0,0,1,1,2,3,3,3,0,1,1,2,1,0,1,0,1,2,0,1,1,0,1,2,1,3,2,2,2,1,1,1,3,2,1,1,3,4,3,0,1,2,3,2,2,3,2,2,4,3,2,4,3,3,4,2,3,1,1,0,1,1,1,2,1,3,3,5,1,2,2,2,3,0,0,2,1,1,2,1,1,0,3,2,2,2,2,1,1,1,0,0,0,2,0
5,1,0,3,1,1,4,0,1,1,0,0,0,0,2,1,4,4,4,6,5,0,2,0,2,0,0,0,0,0,1,1,0,1,2,2,3,2,2,2,2,3,3,1,2,0,1,3,5,3,3,3,3,3,2,0,0,0,0,1,0,1,0,0,0,1,0,0,1,0,0,0,0,1,2,3,2,4,3,2,3,3,2,3,0,1,0,1,1,0,1,0,0,0,1,1,2,1,2,4,2,2,2,3,2,1,0,2,4,3,0,0,3,4,4,3,3,6,4,4,3,4,7,2,4,2,2,2,1,1,0,1,1,1,1,0,3,3,5,1,2,3,2,3,2,1,3,2,1,2,1,2,1,1,2,1,2,2,1,1,1,0,0,0,2,0
7,1,2,4,2,2,2,0,2,1,0,0,0,0,3,3,3,6,4,4,6,0,3,0,1,0,0,1,1,0,1,2,1,1,1,1,3,3,2,4,2,3,5,3,2,2,3,3,4,4,3,5,4,5,3,1,0,0,0,2,0,1,0,0,0,1,0,0,1,0,0,0,0,1,3,4,3,7,5,4,6,5,4,5,1,1,1,1,1,1,1,0,1,1,1,2,3,3,3,5,4,3,2,3,3,1,0,3,6,4,1,0,3,3,5,4,3,8,3,5,4,5,10,3,3,2,2,1,1,1,0,1,1,1,1,0,2,2,4,1,1,2,1,1,4,2,5,3,1,2,1,2,1,0,2,0,1,2,1,1,1,0,0,0,2,0
9,2,4,5,4,3,3,0,2,1,0,0,1,2,5,6,4,10,6,5,10,2,5,0,1,0,0,1,1,0,1,2,2,1,1,1,5,5,3,8,4,4,8,5,3,4,5,4,5,7,6,9,5,7,5,3,0,0,0,2,0,1,0,0,0,1,0,0,1,0,0,0,0,1,3,4,1,7,5,5,7,6,6,8,1,1,4,2,1,2,0,0,1,1,1,2,3,3,3,4,5,3,1,3,2,1,0,2,5,3,1,0,3,2,4,5,3,10,3,6,4,6,11,4,2,2,2,1,1,1,0,1,1,1,1,0,2,2,4,1,0,2,1,1,5,2,6,3,1,2,0,2,1,0,2,0,1,2,1,1,1,0,0,0,2,0
1,0,2,1,0,1,1,2,1,0,0,0,0,0,0,1,0,1,1,0,1,0,0,0,0,0,0,0,0,0,0,1,0,0,0,0,1,0,2,0,0,0,2,0,0,0,1,0,0,1,1,0,0,1,2,0,0,1,0,0,1,2,1,0,2,0,2,1,1,4,1,0,2,1,0,1,0,0,0,1,1,0,0,2,0,0,1,3,0,0,2,0,0,2,2,3,0,1,0,0,1,2,1,0,2,1,1,0,2,0,0,0,0,1,0,0,0,0,0,1,0,1,0,0,0,0,0,0,0,0,1,1,2,1,2,3,0,1,1,2,0,1,0,1,1,0,0,0,1,0,0,1,0,1,0,2,1,0,0,2,1,0,0,0,0,0
3,1,1,3,1,1,2,2,2,0,0,0,0,0,0,1,0,1,1,0,1,0,0,0,0,0,0,0,0,0,0,1,0,0,0,0,1,1,1,1,2,1,2,1,1,0,1,0,0,1,1,0,1,2,1,1,0,1,0,1,1,1,1,2,2,1,2,2,2,4,1,2,2,0,1,1,1,0,0,0,1,1,1,2,0,0,1,2,2,1,1,1,1,1,4,2,1,1,0,0,1,2,1,0,1,1,0,0,1,0,0,0,1,3,2,2,1,1,1,2,2,4,1,3,1,2,1,2,1,1,4,4,4,3,5,6,2,4,3,4,3,4,3,3,2,1,1,1,1,1,0,2,1,3,2,3,3,3,4,4,2,2,2,2,1,0
5,5,3,6,3,1,6,4,5,2,1,0,0,0,0,2,0,2,1,1,1,0,0,0,0,0,0,0,0,0,0,1,0,0,0,0,1,2,3,3,5,4,3,2,3,0,2,0,1,1,1,0,2,4,3,2,0,1,0,1,0,1,2,2,1,1,3,3,2,2,1,3,3,1,1,1,2,0,0,0,1,0,2,2,0,0,1,1,2,1,0,2,1,1,3,1,2,1,0,0,1,1,0,0,1,1,0,0,0,0,0,0,1,3,2,1,1,1,1,1,2,6,2,3,3,2,1,2,1,2,2,5,7,2,5,5,5,6,3,2,5,3,7,5,2,0,1,2,1,2,0,1,1,3,3,1,6,4,7,2,2,4,4,3,1,0
7,7,5,9,7,5,8,5,8,4,3,2,1,1,1,3,1,4,1,2,1,2,0,0,0,0,0,0,0,0,0,1,0,0,0,0,2,4,4,6,7,7,5,4,5,2,4,0,1,1,1,1,3,6,4,3,0,1,0,1,0,1,2,2,1,0,3,2,1,2,1,2,4,2,2,1,2,1,0,0,1,0,2,1,0,0,1,1,2,1,2,2,2,1,3,1,2,1,0,0,1,1,0,1,1,1,0,0,0,0,0,0,1,3,2,0,1,1,1,0,2,5,4,4,5,2,1,1,1,2,1,5,8,1,7,5,8,8,4,1,7,3,8,6,3,2,1,1,1,2,0,0,1,2,2,1,7,5,7,1,3,5,3,4,1,0
9,7,3,12,9,6,9,4,9,5,5,4,2,1,1,2,1,3,2,1,0,2,0,0,0,0,0,0,0,0,0,1,0,0,0,1,3,5,2,5,7,9,5,5,6,4,4,1,1,0,2,2,4,6,3,4,0,1,0,1,0,1,2,2,1,0,3,1,1,2,1,1,4,1,2,1,2,1,0,0,1,0,2,1,0,0,1,1,2,1,3,2,2,1,3,1,2,1,0,0,0,1,0,1,0,0,0,0,0,0,0,0,1,3,2,1,1,1,1,0,3,6,7,8,7,2,3,3,3,4,3,8,10,2,11,8,13,12,6,2,11,5,11,9,6,4,2,1,1,2,0,0,1,2,3,3,10,6,10,2,6,7,4,5,1,0
1,0,0,0,1,1,0,0,0,0,0,0,0,0,0,0,2,0,1,1,0,0,1,1,0,0,0,0,0,0,1,1,0,2,0,0,0,0,0,1,0,2,1,0,0,0,1,1,1,1,1,0,0,0,0,0,1,0,1,2,1,0,1,1,0,0,1,2,0,1,1,1,0,1,0,0,0,0,0,0,0,0,2,1,0,0,0,0,2,1,0,1,0,2,1,0,2,1,2,0,0,0,0,0,0,0,1,0,2,2,0,1,0,0,1,0,0,1,3,3,0,1,2,0,0,1,1,0,0,3,0,1,1,3,2,2,1,2,0,0,3,1,0,0,1,0,1,0,1,1,0,0,0,1,1,0,1,3,1,1,0,2,0,0,2,0
3,0,0,0,1,1,0,0,0,0,0,0,0,0,0,0,2,0,1,2,0,0,1,1,1,0,0,0,0,0,3,1,0,2,1,0,0,0,0,1,0,1,1,0,0,0,0,1,1,1,1,1,0,0,0,0,3,3,5,4,4,4,2,4,4,3,3,4,2,3,3,4,0,2,3,1,1,1,1,0,2,1,4,3,1,2,2,0,5,3,2,3,1,4,4,1,6,5,4,3,2,2,2,1,0,1,2,2,4,3,2,1,0,0,1,0,0,1,1,2,0,1,2,0,0,2,1,0,0,2,0,1,2,2,4,3,2,2,1,0,1,0,0,1,1,0,1,0,1,1,0,0,0,1,1,0,1,1,2,2,0,3,0,0,1,0
5,0,0,0,1,1,0,0,0,0,0,0,0,0,0,0,3,0,1,2,1,2,1,1,3,0,0,0,0,0,3,2,0,2,1,0,0,0,0,1,0,1,1,0,0,0,0,1,2,2,3,2,1,0,0,0,1,4,7,3,5,5,3,7,6,4,2,2,4,5,6,3,2,3,6,0,1,1,2,0,3,2,2,4,1,5,4,3,4,6,3,3,4,3,4,4,8,5,3,5,3,4,4,3,0,1,4,4,4,2,4,1,0,0,1,0,0,1,0,1,0,1,2,0,0,1,1,0,1,2,1,2,2,1,4,2,3,2,2,0,0,0,0,1,0,0,1,0,1,1,0,0,0,1,0,0,0,1,2,2,0,3,0,0,1,0
7,0,0,0,1,1,0,0,0,0,0,0,0,0,0,0,3,0,1,2,2,2,1,2,4,0,0,0,0,0,2,2,0,2,1,0,0,0,0,1,0,1,1,0,0,0,0,1,4,1,3,2,1,0,0,0,3,7,11,5,8,9,6,11,11,7,4,3,7,9,10,4,6,5,9,3,2,2,3,2,6,5,4,6,3,8,7,8,6,10,6,5,8,4,7,9,13,7,4,9,5,7,8,5,2,3,7,7,6,3,6,1,0,0,1,0,0,1,0,1,0,1,2,0,0,1,1,0,1,2,2,2,2,0,4,2,2,2,2,0,0,0,0,1,0,0,1,0,1,1,0,0,0,1,0,0,0,1,1,1,0,3,0,0,1,0
9,0,0,0,1,1,0,0,0,0,0,0,0,0,0,0,3,0,1,2,1,2,2,2,4,0,0,0,0,0,2,2,0,2,1,0,0,0,0,1,0,1,1,0,0,0,0,1,4,0,2,2,1,0,0,0,5,11,14,7,12,11,9,15,16,11,6,4,10,13,14,5,11,7,11,6,5,5,5,5,8,9,6,8,6,12,11,13,8,13,10,8,13,6,8,14,15,10,6,13,8,11,10,8,6,7,10,11,8,4,8,1,0,0,1,0,0,1,0,1,0,1,2,0,0,1,1,0,1,2,2,2,1,0,3,2,2,2,2,0,0,0,0,1,0,0,1,0,1,1,0,0,0,1,0,0,0,1,1,1,0,3,0,0,1,0
1,2,0,1,4,1,0,1,0,0,0,0,0,1,0,0,1,0,1,0,0,0,0,0,1,2,0,0,1,2,0,0,0,0,0,0,0,0,2,2,0,0,0,0,2,2,0,2,0,0,1,0,2,1,1,0,0,0,0,0,0,0,1,0,0,0,0,1,2,0,2,0,0,0,0,0,0,0,0,1,1,0,1,2,2,0,1,0,2,1,1,0,0,0,0,0,2,1,0,0,0,0,0,1,1,0,0,0,1,0,0,0,0,0,0,1,1,2,0,2,4,0,2,0,0,1,1,0,3,0,1,3,4,0,1,0,0,0,0,0,2,0,0,2,1,1,0,0,1,2,1,1,0,0,2,0,0,2,2,1,0,0,2,1,0,0
3,2,2,4,3,3,1,1,0,1,0,0,0,1,0,0,0,0,1,0,0,0,0,0,0,1,0,0,2,1,0,1,0,1,0,0,0,0,2,2,0,0,0,1,3,2,1,4,2,0,1,0,2,1,0,0,0,0,0,0,0,0,1,0,0,0,1,2,2,1,3,2,0,1,0,0,0,0,0,0,0,0,2,0,2,1,0,0,1,1,0,0,0,0,0,0,1,1,0,0,0,0,0,0,1,0,0,0,1,0,0,1,0,0,1,2,2,4,1,4,9,0,4,1,0,2,2,2,7,2,4,5,6,3,4,3,1,3,2,1,3,2,4,5,2,4,1,1,5,4,2,5,3,1,5,1,1,4,4,3,2,2,6,3,2,1
5,3,6,7,5,7,2,3,1,1,1,1,0,1,1,0,0,0,1,0,0,0,0,0,0,2,0,1,2,2,0,1,0,1,0,0,0,0,3,2,0,0,1,2,4,4,4,5,3,0,2,0,2,1,1,0,0,0,0,0,0,0,1,0,1,1,1,4,1,2,4,4,0,1,0,0,0,0,0,0,0,0,1,2,1,2,1,0,1,1,0,0,0,0,0,0,1,0,0,0,0,0,0,0,1,0,0,0,1,0,0,1,0,0,1,1,1,2,2,6,8,0,2,1,1,2,3,3,5,3,7,5,4,4,8,3,1,4,3,1,3,4,3,5,3,5,4,4,6,3,4,5,6,2,4,1,1,4,3,1,4,5,5,1,4,3
7,4,10,11,7,9,5,6,4,4,3,2,3,2,2,1,0,0,1,0,0,0,0,0,0,3,0,2,3,3,1,2,0,1,0,0,0,0,3,2,1,2,3,5,7,6,7,7,7,1,3,0,2,2,1,0,0,0,0,0,0,0,1,0,1,1,1,3,1,2,6,4,0,1,0,0,0,0,0,0,0,0,1,3,0,2,1,0,1,1,0,0,0,0,0,0,1,0,0,0,0,0,0,0,0,1,2,1,1,1,1,1,0,0,1,1,1,1,2,6,6,0,2,1,1,2,5,3,6,4,8,4,2,5,9,5,1,5,4,1,3,5,2,6,4,7,7,5,6,2,5,4,7,2,3,1,1,4,2,0,5,5,3,0,3,4
9,5,10,11,5,9,6,7,6,6,4,1,6,2,2,1,0,0,1,0,0,0,0,0,0,2,0,3,4,2,2,3,0,1,0,0,0,0,3,2,1,2,5,5,5,7,10,5,7,2,5,1,2,1,2,1,0,0,0,0,0,0,1,0,2,2,1,2,2,2,7,5,0,1,0,0,0,0,0,0,0,0,1,2,0,1,1,0,1,1,0,0,0,0,0,0,1,0,0,0,0,0,0,0,0,1,3,2,1,1,1,1,0,0,1,1,1,1,3,7,8,0,3,2,1,4,7,6,8,10,11,6,3,9,11,7,4,7,7,1,5,7,3,9,7,11,11,8,8,3,8,6,10,3,3,1,1,4,2,0,8,7,5,0,5,5
1,0,0,1,0,0,0,0,0,1,1,1,0,0,1,0,3,2,0,0,0,1,1,3,0,1,1,1,1,0,3,3,0,1,1,1,0,0,0,0,0,1,0,0,0,1,1,1,0,0,1,1,0,1,2,0,0,2,1,1,0,0,0,0,0,0,1,0,1,0,0,1,0,1,0,0,0,0,1,0,0,0,2,0,0,1,0,0,0,1,0,0,0,3,0,0,1,0,0,0,0,0,1,0,0,1,0,0,2,2,0,0,0,0,1,0,2,1,1,2,2,3,3,0,0,0,1,0,1,0,1,1,1,1,0,1,1,0,0,0,1,0,0,0,1,2,0,1,1,1,0,1,1,1,2,4,2,0,1,0,1,1,0,0,0,0
3,0,0,1,1,0,1,1,2,3,3,2,1,0,3,1,5,5,2,2,2,4,5,4,1,3,4,5,4,2,5,6,1,3,3,4,1,0,1,1,1,4,2,1,1,2,2,1,0,1,4,3,2,3,3,1,0,3,0,0,0,0,1,0,0,0,1,0,1,0,0,1,0,1,0,0,0,0,1,0,0,0,2,0,0,1,0,0,0,1,0,1,1,3,1,1,2,0,0,0,0,0,1,0,0,0,1,1,2,2,1,0,2,2,2,0,4,1,2,3,2,2,3,2,2,2,1,1,1,0,0,1,1,1,0,0,1,0,0,0,1,0,0,0,0,1,0,1,1,1,0,0,2,3,4,4,3,2,3,1,2,0,0,0,0,0
5,0,0,0,1,0,1,1,2,2,3,2,1,0,3,3,3,5,3,3,3,6,6,2,2,3,6,8,5,2,3,7,2,5,5,3,2,0,1,1,0,3,2,0,1,2,2,1,1,1,3,5,2,4,2,2,0,3,1,0,0,0,1,0,0,0,1,0,0,0,0,1,0,1,0,0,0,0,1,0,0,0,1,0,0,1,0,0,0,0,0,1,1,1,1,1,2,0,0,0,0,0,0,0,0,0,1,2,2,2,2,0,5,5,4,3,7,5,5,5,5,4,7,4,5,4,1,1,2,1,1,1,1,1,0,0,1,0,0,0,1,0,0,0,0,2,1,3,3,2,3,4,5,5,7,6,6,4,5,3,3,1,0,0,0,0
7,0,0,0,1,0,1,1,2,2,2,2,1,0,3,3,2,4,3,3,2,6,7,0,2,4,7,11,6,2,2,9,2,6,7,2,3,0,1,1,0,2,2,0,1,2,2,1,1,1,2,5,1,3,1,2,0,3,1,0,0,0,1,0,0,0,1,0,0,0,0,1,0,1,0,0,1,1,1,1,0,0,1,0,0,1,0,0,0,0,0,1,1,0,1,0,2,0,0,0,0,0,0,0,0,0,2,3,5,1,3,2,6,7,9,7,10,8,8,6,8,5,9,8,6,8,2,4,4,1,2,2,1,1,0,1,1,0,0,0,1,0,0,1,0,3,3,5,5,3,6,8,8,8,10,8,8,7,8,6,6,3,1,0,0,0
9,0,0,0,1,0,1,1,2,2,2,2,1,0,3,3,1,3,2,2,1,5,7,0,2,5,7,14,6,2,1,9,2,7,8,2,3,0,1,1,0,2,2,0,1,2,2,1,1,1,2,4,1,3,1,3,0,3,1,0,0,0,1,0,0,0,1,0,0,0,0,1,0,1,0,0,1,1,1,2,0,1,1,0,1,1,0,0,0,0,0,1,1,0,1,0,2,0,0,0,0,0,0,0,0,0,2,2,5,0,4,4,8,10,10,12,14,11,11,7,12,6,10,13,7,11,3,7,5,3,3,5,3,1,0,2,1,0,0,0,1,1,0,1,1,4,6,7,8,4,11,12,10,10,15,9,9,10,11,10,8,5,3,2,1,0
1,0,0,0,1,1,0,2,1,5,2,2,0,0,0,1,0,0,0,1,0,0,0,1,1,1,0,0,0,0,0,0,0,0,0,0,0,0,1,0,0,1,0,0,1,1,0,2,1,0,0,1,0,0,0,0,0,1,2,0,2,0,0,0,0,0,0,0,0,0,1,0,0,0,0,0,0,1,0,1,1,1,2,0,1,0,1,1,3,0,1,2,0,1,4,0,1,3,0,2,1,0,0,1,0,2,2,0,3,0,0,0,2,1,0,0,0,0,0,0,0,0,1,0,2,1,4,0,1,3,2,0,1,3,0,1,0,1,0,1,1,1,2,1,0,0,1,0,0,0,0,0,1,0,0,0,0,2,1,0,0,0,0,1,2,0
3,0,0,0,0,1,0,2,1,4,5,3,2,1,2,1,0,0,0,0,0,0,0,0,0,1,0,0,0,0,0,0,0,0,0,0,1,0,0,0,0,0,0,0,0,1,0,1,1,0,0,0,0,0,0,0,2,2,3,0,3,0,0,0,0,0,1,0,1,1,2,2,3,1,1,1,0,2,2,2,3,3,6,2,2,2,3,3,8,0,2,5,2,4,6,3,4,4,3,5,2,3,4,2,2,4,6,3,4,3,1,0,2,3,1,2,1,2,1,0,1,0,0,0,2,1,5,1,1,4,3,1,2,4,0,0,0,1,0,1,1,0,3,1,0,0,0,0,0,0,0,0,1,0,0,0,0,2,1,0,0,0,0,1,1,0
5,0,0,0,0,1,0,2,2,2,6,3,4,2,4,1,0,0,0,0,0,0,0,0,0,0,0,0,0,0,0,0,0,0,0,0,1,0,0,0,0,0,0,0,0,1,0,1,1,0,0,0,0,0,0,0,5,4,6,3,5,3,2,1,0,1,1,0,2,2,3,5,6,2,3,4,2,4,5,4,6,4,8,5,5,5,6,8,10,4,7,7,6,9,8,6,8,6,7,7,4,6,7,3,6,8,9,6,6,6,2,0,2,3,1,2,0,3,1,0,1,0,0,0,2,1,4,1,1,2,2,2,2,3,0,0,0,1,0,1,0,0,2,1,0,0,0,0,0,0,0,0,1,0,0,0,0,1,1,0,0,0,0,1,0,0
7,0,0,0,0,1,0,2,1,1,5,2,4,1,3,1,0,0,0,0,0,0,0,0,0,0,0,0,0,0,0,0,0,0,0,0,1,0,0,0,0,0,0,0,0,1,0,1,1,0,0,0,0,0,0,0,8,6,9,5,8,6,4,3,2,4,3,3,3,5,4,8,9,3,6,7,5,7,10,6,10,5,10,8,8,10,11,11,12,9,8,9,11,12,9,10,12,8,11,9,7,10,11,4,11,12,12,8,8,9,4,0,2,3,0,2,0,2,1,0,1,0,0,0,2,1,3,1,1,1,1,1,2,2,0,0,0,1,0,1,0,0,2,1,0,0,0,0,0,0,0,0,1,0,0,0,0,1,1,0,0,0,0,1,0,0
9,0,0,0,0,1,0,2,4,3,8,5,8,2,4,1,0,0,0,0,0,0,0,0,0,0,0,0,0,0,0,0,0,0,0,0,1,0,0,0,0,0,0,0,0,1,0,1,1,0,0,0,0,0,0,0,9,4,8,5,8,7,8,4,2,5,3,4,4,6,2,10,11,1,5,8,8,5,10,7,12,4,10,9,10,13,12,10,12,12,7,8,14,13,7,12,14,6,13,8,8,12,12,3,14,14,13,8,6,11,5,0,2,3,0,2,0,1,1,0,1,0,0,0,2,1,3,1,1,1,1,1,2,2,0,0,0,1,0,1,0,0,2,1,0,0,0,0,0,0,0,0,1,0,0,0,0,1,1,0,0,0,0,1,0,0
1,0,1,0,0,0,0,0,0,0,0,2,0,1,1,2,1,0,0,1,0,0,0,0,0,1,0,0,1,2,0,0,0,0,0,0,0,0,0,0,0,2,0,0,1,0,1,1,0,0,0,1,0,0,0,0,0,3,0,1,4,3,1,1,0,0,1,0,1,1,1,0,1,0,0,1,0,1,0,0,1,0,0,1,0,0,1,1,0,1,3,3,1,5,0,2,1,1,1,2,1,2,3,2,0,0,0,0,2,1,0,1,0,0,0,0,0,1,0,0,3,1,0,0,0,1,1,0,0,1,2,0,2,1,1,3,2,0,0,1,0,3,1,0,1,0,0,1,0,0,0,0,0,0,0,0,0,1,1,0,1,1,3,2,0,0
3,1,1,2,1,0,1,1,1,1,2,5,1,4,2,6,2,1,1,2,1,1,1,1,0,1,1,1,1,3,0,0,1,1,1,0,0,0,0,1,2,3,3,2,2,3,1,1,2,0,0,1,1,1,1,0,1,2,3,4,3,2,2,2,0,1,0,0,0,0,1,1,2,0,0,1,0,1,0,0,0,0,0,2,1,0,0,1,1,3,3,2,1,5,2,2,1,2,1,3,2,2,2,3,2,2,2,3,4,1,1,1,0,0,0,0,0,1,0,0,1,2,0,0,0,1,2,0,1,2,3,2,2,2,4,2,3,2,2,3,2,3,2,3,2,0,0,1,0,1,0,0,0,0,0,0,0,1,1,0,1,0,3,1,0,0
5,2,3,4,3,1,1,3,2,3,5,6,3,8,5,8,5,3,5,3,2,2,1,2,2,2,3,4,4,4,2,1,2,2,1,0,0,0,0,3,3,4,5,4,8,4,3,2,4,3,3,3,3,4,1,1,1,1,3,5,3,1,3,3,0,2,0,0,0,0,1,1,1,0,0,1,1,1,0,0,0,0,0,1,1,0,0,0,1,4,3,1,2,5,4,3,1,2,1,3,2,1,1,2,2,2,2,5,3,0,1,1,0,0,0,0,0,0,0,0,0,2,0,0,0,1,1,0,0,2,3,2,1,3,5,1,2,2,3,3,3,2,5,4,3,1,0,0,0,1,0,0,0,0,0,0,0,1,1,0,0,0,2,1,0,0
7,2,3,4,4,1,0,4,3,2,7,5,2,11,6,7,7,2,8,2,4,3,1,4,3,1,4,4,7,2,4,2,4,2,1,0,0,0,0,3,3,2,7,6,8,5,3,5,6,3,3,2,3,4,0,1,1,2,5,7,4,4,5,5,0,2,0,0,0,0,1,1,1,0,0,1,1,1,0,1,0,0,0,1,1,0,0,1,3,8,6,3,4,8,6,6,1,3,1,3,2,2,1,3,3,5,6,6,5,2,3,1,0,1,0,0,0,0,0,0,0,2,0,0,0,1,1,1,0,2,1,2,0,3,6,1,2,3,3,3,2,1,5,3,3,1,0,0,0,1,0,0,0,0,0,0,0,0,1,0,0,0,2,1,0,0
9,2,2,5,5,1,0,4,4,2,9,4,4,13,6,6,8,3,10,2,3,4,2,4,3,1,3,3,6,2,3,2,4,2,1,0,0,0,0,3,3,0,7,6,10,4,2,4,6,2,3,1,3,3,0,1,2,2,6,7,3,6,5,6,1,2,0,0,0,0,1,1,1,0,0,1,1,0,0,1,0,0,0,1,1,0,0,2,5,9,5,1,5,6,8,6,3,5,2,4,3,1,3,6,3,5,10,7,5,4,5,1,0,1,0,0,0,0,0,0,0,2,0,0,0,1,1,2,1,4,3,4,2,7,8,2,5,4,6,5,5,4,7,4,3,1,0,0,0,1,0,0,0,0,0,0,0,0,1,0,0,0,2,1,0,0
1,1,0,0,0,0,0,0,0,1,0,2,1,0,0,1,2,0,2,1,0,1,0,4,1,1,2,0,3,1,1,2,0,0,0,0,0,1,0,0,0,0,0,1,0,1,2,0,0,0,0,0,0,1,1,0,0,2,0,1,2,1,2,1,1,0,0,2,0,1,2,2,0,0,2,1,0,0,0,0,0,1,0,0,0,1,0,0,0,1,0,1,1,1,0,0,2,1,1,0,1,1,0,0,1,2,0,0,0,0,0,1,1,0,0,1,0,0,1,1,0,0,1,0,0,1,1,0,0,0,0,2,0,0,0,1,0,0,1,0,0,2,0,1,3,3,0,0,1,1,0,1,1,1,0,0,1,0,1,1,3,2,0,2,0,0
4,0,0,0,0,2,1,2,0,1,2,0,0,0,0,0,0,1,0,1,1,0,1,0,0,1,0,0,0,2,0,0,0,0,0,0,0,0,0,1,1,1,0,1,0,0,0,0,0,0,0,0,1,0,2,0,0,2,1,0,2,3,0,0,0,1,0,0,1,0,2,1,0,1,0,1,0,0,0,0,1,3,0,1,1,4,0,1,4,3,2,1,0,0,1,2,0,2,0,0,0,1,0,0,1,0,2,2,0,0,0,0,0,2,0,1,0,0,0,1,2,0,1,2,1,1,2,1,0,0,1,0,2,2,0,0,1,0,0,0,1,0,0,0,0,0,0,0,1,2,1,0,0,1,0,1,2,1,2,1,0,0,2,1,0,0
6,0,0,2,2,2,2,3,2,1,1,0,0,0,0,0,0,0,0,1,1,0,1,0,0,1,1,0,0,2,0,1,0,1,0,0,0,0,0,1,1,1,0,2,1,0,0,0,0,0,0,0,1,0,1,0,1,2,2,1,1,2,0,0,0,0,0,0,1,1,2,1,1,0,0,1,0,0,0,1,1,4,2,2,2,2,2,3,5,2,5,1,2,2,0,3,1,1,1,1,1,1,0,0,1,2,1,2,1,1,0,0,1,2,0,1,0,1,2,2,3,2,3,6,3,2,4,2,3,3,3,3,4,6,1,1,2,1,1,1,1,0,1,0,0,0,0,1,2,4,2,2,1,2,1,4,4,3,6,4,1,1,3,2,2,1
8,0,0,2,2,1,2,3,4,1,1,0,0,0,0,0,0,0,0,0,1,0,1,0,0,0,1,0,0,1,0,1,0,1,0,0,0,0,0,2,2,1,1,3,2,2,0,0,0,0,0,0,1,0,0,0,4,3,5,5,2,3,2,1,0,0,0,0,2,2,3,2,2,0,0,1,1,0,0,1,2,6,4,4,6,4,4,7,10,3,7,3,5,5,0,5,1,2,2,2,1,1,0,0,3,4,3,2,2,2,1,0,1,1,0,1,0,1,2,1,3,4,6,5,4,2,3,2,6,7,4,4,2,8,2,3,3,1,1,1,1,0,0,0,0,0,0,2,2,3,3,1,1,1,1,5,3,4,5,5,1,1,2,2,3,2
10,0,0,2,1,1,2,3,4,1,2,2,0,0,0,0,0,0,0,0,1,1,1,2,1,1,1,0,0,1,0,1,0,1,0,0,0,0,1,2,2,0,1,2,2,2,0,0,0,0,0,0,1,0,0,0,7,4,9,7,4,4,4,3,0,1,0,0,3,4,4,3,6,2,0,1,1,0,0,2,4,7,7,9,9,5,8,11,11,5,10,6,8,9,0,8,1,4,4,4,3,1,0,0,5,7,4,4,5,4,3,0,1,1,0,0,0,1,2,0,2,4,9,4,4,2,2,2,6,9,5,3,1,8,1,3,3,1,1,1,1,0,0,0,0,0,0,3,2,3,4,1,1,2,2,6,2,5,5,6,2,1,1,2,2,2
12,0,0,2,1,1,2,5,7,3,4,4,2,0,0,0,0,0,0,0,2,2,2,3,2,1,2,0,0,1,0,1,0,1,0,0,0,0,2,3,3,1,1,4,2,2,0,0,0,0,0,0,1,0,0,0,8,3,11,8,5,3,5,4,0,1,1,0,4,6,3,4,7,4,1,1,1,0,1,2,6,7,9,10,10,4,10,13,10,5,11,7,9,11,0,8,0,3,5,6,5,1,0,0,7,8,4,3,6,5,5,0,1,1,0,0,0,1,2,0,1,3,9,3,4,2,1,2,6,11,5,2,1,8,0,3,3,1,1,1,1,0,0,0,0,0,0,4,2,3,5,1,2,2,2,7,1,6,5,7,3,1,1,2,1,2
14,0,0,2,1,1,2,6,5,3,5,6,4,0,0,0,0,0,0,1,3,2,1,4,2,1,2,0,0,1,0,1,0,1,0,0,0,1,3,2,3,2,1,4,2,2,0,0,0,0,0,0,1,0,0,0,11,4,15,13,8,5,8,5,1,1,2,2,7,9,5,7,11,6,3,2,1,0,3,5,10,10,14,12,13,6,15,17,12,7,15,10,12,15,1,10,3,5,7,10,8,3,2,1,9,11,7,5,10,8,7,0,1,1,0,0,0,1,2,0,1,2,8,2,4,2,1,2,5,11,5,2,0,8,1,3,3,1,1,1,1,0,0,0,0,0,0,4,2,2,5,0,2,2,2,6,1,6,3,8,4,1,1,2,1,2
16,0,0,2,1,1,2,6,4,2,4,6,4,0,0,0,0,0,0,1,4,1,1,5,2,1,2,0,0,1,0,1,0,1,0,0,0,1,3,1,3,1,1,4,2,2,0,0,0,0,0,0,1,0,0,0,11,4,15,16,7,3,8,7,3,3,4,4,7,11,3,7,12,8,5,3,1,0,5,5,10,8,17,13,15,4,17,19,12,8,14,11,13,17,5,9,5,3,10,12,9,1,4,2,10,12,6,3,11,7,9,0,1,1,0,0,0,1,2,0,2,3,9,2,4,2,1,2,6,13,6,6,2,9,2,3,3,1,1,1,1,0,0,0,0,0,0,4,2,3,5,0,2,2,2,7,1,8,5,10,5,1,1,2,1,2
18,0,0,2,1,1,2,6,4,1,3,5,4,0,0,0,0,0,0,1,4,2,1,6,2,1,2,0,0,1,0,1,0,1,0,0,0,1,3,1,3,1,1,4,2,2,0,0,0,0,0,0,1,0,0,0,14,7,17,20,9,4,11,11,5,5,7,6,9,15,4,9,15,11,5,4,1,0,7,7,13,9,22,16,20,6,21,23,13,11,15,14,15,21,6,11,9,4,15,15,12,2,6,2,12,14,7,8,14,8,11,0,1,1,0,0,0,1,2,0,3,4,8,2,4,2,1,2,6,13,6,8,0,8,3,3,3,1,1,1,1,0,0,0,0,0,0,4,2,2,5,0,2,2,2,7,2,8,4,11,6,1,1,2,1,2
20,0,0,2,1,1,2,6,4,1,3,4,4,0,0,0,0,0,0,1,5,3,1,7,2,1,2,0,0,1,0,1,0,1,0,0,0,1,3,1,3,1,1,4,2,2,0,0,0,0,0,0,1,0,0,0,16,11,19,24,10,5,15,13,8,8,11,9,10,19,5,10,16,14,6,5,1,1,9,10,15,11,23,20,25,8,25,28,14,14,16,17,18,24,8,13,13,5,18,20,16,3,9,3,15,17,8,11,18,9,13,0,1,1,0,0,0,1,2,0,3,4,6,2,4,2,1,2,6,13,5,9,0,7,3,3,3,1,1,1,1,0,0,0,0,0,0,4,2,2,5,0,2,2,2,7,2,8,3,12,7,1,1,2,1,2
22,0,0,2,1,1,2,6,4,1,3,4,4,0,0,0,0,0,0,1,6,4,3,8,3,1,2,0,0,1,0,1,0,1,0,0,0,1,3,1,3,1,1,4,2,2,0,0,0,0,0,0,1,0,0,0,16,13,17,26,10,4,16,11,9,8,14,12,8,20,6,9,14,15,7,6,3,1,11,10,15,12,22,22,28,7,24,30,15,16,15,18,19,25,6,13,15,3,20,23,15,3,12,3,18,19,6,12,19,8,15,0,1,1,0,0,0,1,2,0,3,4,5,2,4,2,1,2,6,13,4,7,0,6,3,3,3,1,1,1,1,0,0,0,0,0,0,4,2,2,5,0,2,2,2,7,1,7,2,12,7,1,1,2,1,2
24,0,0,2,1,1,2,6,4,1,3,4,4,0,0,0,0,0,0,1,6,5,2,9,4,1,2,0,0,1,0,1,0,1,0,0,0,1,3,1,3,1,1,4,2,2,0,0,0,0,0,0,1,0,0,0,16,15,16,28,11,4,18,10,10,10,16,12,11,20,8,9,13,16,10,6,3,1,12,10,15,14,21,24,29,10,23,31,16,18,14,19,20,26,5,13,17,2,21,24,14,3,13,4,21,20,6,15,19,7,17,0,1,1,0,0,0,1,2,0,3,4,5,2,4,2,1,2,6,15,5,8,0,7,3,3,3,1,1,1,1,0,0,0,0,0,0,4,2,2,6,1,2,3,3,7,2,7,2,12,7,1,1,2,1,2
26,0,0,2,1,1,2,6,4,1,3,4,4,0,0,0,0,0,0,2,8,7,4,10,5,1,2,0,0,1,0,1,0,1,0,0,0,1,3,1,3,1,1,4,2,2,0,0,0,0,0,0,1,0,0,0,16,17,15,30,11,3,19,9,11,11,18,11,12,20,10,8,11,17,12,6,3,1,13,9,16,15,20,26,30,12,22,32,17,20,13,20,21,27,3,12,19,2,22,24,13,1,14,6,24,22,5,16,20,7,17,0,1,1,0,0,0,1,2,0,3,4,5,2,4,2,1,2,6,15,5,7,0,8,3,3,3,1,1,1,1,0,0,0,0,0,0,4,2,2,7,2,1,4,4,8,2,7,1,12,7,1,1,2,1,2
28,0,0,2,1,1,2,6,4,1,3,4,4,0,0,0,0,0,0,3,8,8,2,11,6,1,2,0,0,1,0,1,0,1,0,0,0,1,3,1,3,1,1,4,2,2,0,0,0,0,0,0,1,0,0,0,16,17,14,30,11,3,19,8,11,12,18,10,11,20,8,7,10,16,12,6,3,1,13,8,17,16,19,28,31,14,21,33,16,22,13,21,20,26,2,10,20,1,23,24,12,2,14,6,25,22,4,16,21,6,17,0,1,1,0,0,0,1,2,0,3,4,5,2,4,2,1,3,7,17,6,8,0,9,3,3,3,1,1,1,1,0,0,0,0,0,0,4,2,3,8,2,2,5,5,8,3,8,2,12,7,1,1,2,1,2
30,0,0,2,1,1,2,6,4,1,3,4,4,0,0,0,0,0,1,4,7,8,2,12,7,2,2,0,0,1,0,1,0,1,0,0,0,1,3,1,3,1,1,4,2,2,0,0,0,0,0,0,1,0,0,0,16,17,13,30,11,3,19,7,11,12,16,9,10,19,6,6,8,15,12,6,3,1,12,8,18,18,18,29,32,16,20,33,17,22,11,20,19,25,2,9,20,1,22,25,11,2,14,6,26,22,3,15,21,6,17,0,1,1,0,0,0,1,2,0,3,4,5,2,4,2,1,4,8,19,7,9,1,10,3,3,3,1,1,1,1,0,0,0,0,0,0,4,2,5,9,3,2,5,7,9,4,9,3,12,7,1,1,2,1,2
32,0,0,2,1,1,2,6,4,1,3,4,4,0,0,0,0,0,1,4,6,8,1,12,8,2,2,0,0,1,0,1,0,1,0,0,0,1,3,1,3,1,1,4,2,2,0,0,0,0,0,0,1,0,0,0,15,15,12,29,10,2,18,6,10,11,15,8,9,18,5,5,7,14,12,6,3,1,11,7,16,16,17,28,32,15,19,33,17,21,10,19,18,24,2,8,19,1,23,25,10,2,14,6,27,22,2,13,20,6,17,0,1,1,0,0,0,1,2,0,3,4,5,2,4,2,1,5,10,22,8,10,3,12,4,4,3,1,1,1,1,0,0,0,0,0,0,4,2,7,11,4,4,6,9,10,6,10,4,12,7,1,1,2,1,2
34,0,0,2,1,1,2,6,4,1,3,4,4,0,0,0,0,0,1,4,6,8,1,11,7,2,2,0,0,1,0,1,0,1,0,0,0,1,3,1,3,1,1,4,2,2,0,0,0,0,0,0,1,0,0,0,16,16,13,30,12,3,19,7,11,12,16,9,10,19,6,6,8,15,12,6,3,2,11,7,17,17,18,30,35,17,20,36,19,22,12,20,19,25,2,8,21,1,26,27,11,2,17,7,31,25,4,15,24,8,17,0,1,1,0,0,0,1,2,0,3,4,5,2,4,2,1,6,12,23,9,10,3,14,6,5,3,1,1,1,1,0,0,0,0,0,0,4,3,7,11,6,3,7,11,11,5,11,5,12,7,1,1,2,1,2
36,0,0,2,1,1,2,6,4,1,3,4,4,0,0,0,0,0,1,4,6,8,1,11,7,2,2,0,0,1,0,1,0,1,0,0,0,1,3,1,3,1,1,4,2,2,0,0,0,0,0,0,1,0,0,0,17,17,14,31,14,4,20,8,12,13,17,10,11,20,7,7,9,16,12,6,4,2,13,10,18,20,21,34,38,18,23,40,20,24,14,21,20,26,3,9,23,2,27,30,13,3,20,8,34,28,7,18,28,10,17,0,1,1,0,0,0,1,2,0,3,4,5,2,4,2,1,6,12,23,10,9,2,14,7,5,3,1,1,1,1,0,0,0,0,0,0,4,3,6,11,7,2,7,13,12,4,12,5,12,7,1,1,2,1,2
38,0,0,2,1,1,2,6,4,1,3,4,4,0,0,0,0,0,1,4,6,8,1,11,7,2,2,0,0,1,0,1,0,1,0,0,0,1,3,1,3,1,1,4,2,2,0,0,0,0,0,0,1,0,0,0,16,16,13,30,13,3,19,7,11,12,16,9,10,19,5,6,8,15,12,6,4,2,13,10,19,18,21,34,37,16,22,39,18,23,13,20,19,25,3,9,23,2,26,30,14,3,21,6,35,28,5,17,27,8,17,0,1,1,0,0,0,1,2,0,3,4,5,2,4,2,1,6,12,25,13,11,4,17,9,6,3,1,1,1,1,0,0,0,0,0,0,4,4,8,14,9,4,8,15,13,6,13,6,12,7,1,1,2,1,2
40,0,0,2,1,1,2,6,4,1,3,4,4,0,0,0,0,0,1,4,6,8,1,11,7,2,2,0,0,1,0,1,0,1,0,0,0,1,3,1,3,1,1,4,2,2,0,0,0,0,0,0,1,0,0,0,15,14,12,29,12,2,18,6,10,11,15,8,9,18,4,5,7,14,12,6,4,2,13,9,18,17,20,32,36,15,21,38,17,22,12,19,18,24,3,9,21,2,27,29,15,3,21,6,35,27,4,16,26,7,17,0,1,1,0,0,0,1,2,0,3,4,5,2,4,2,1,6,13,28,16,13,5,20,11,8,4,1,1,1,1,0,0,0,0,0,0,5,6,10,16,12,5,9,17,14,7,14,7,13,8,1,1,2,1,2
42,0,0,2,1,1,2,6,4,1,3,4,4,0,0,0,0,0,1,4,6,8,1,11,7,2,2,0,0,1,0,1,0,1,0,0,0,1,3,1,3,1,1,4,2,2,0,0,0,0,0,0,1,0,0,0,14,12,10,28,11,1,17,5,9,10,14,7,8,17,2,4,6,13,12,6,4,2,13,8,17,16,19,31,35,14,20,37,16,21,11,18,17,23,3,9,20,2,26,28,14,3,20,6,34,26,3,15,25,6,17,0,1,1,0,0,0,1,2,0,3,4,5,2,4,2,1,6,13,26,16,13,4,20,12,8,4,1,1,1,1,0,0,0,0,0,0,5,7,10,15,14,4,10,19,14,6,15,7,13,8,1,1,2,1,2
