2180,13.3800,13.5691,13.4852,12.7142,10.8497,11.5102,13.2023,10.8752,11.9222,12.6555,10.1725,13.1680
2183,9.8619,11.9599,12.4083,13.2213,12.8386,11.9465,14.1981,11.5940,14.2089,14.0837,14.0216,11.8059
2185,12.9360,13.0559,13.3541,10.9029,13.1632,11.6409,10.8177,11.5020,12.4208,11.9314,12.3572,12.3979
2187,12.3764,12.4587,12.7720,10.8392,12.5783,11.6486,10.4046,11.4551,11.9310,12.0211,11.7907,12.3771
2189,11.7168,11.9263,12.8574,10.3186,12.0075,11.5865,10.0207,10.8859,11.3643,12.0978,11.2624,11.7126
1,11.8600,9.8537,11.4096,11.4748,13.9342,13.1417,11.4535,11.7142,12.5014,14.6433,12.5712,14.4554
3,11.7984,9.4930,10.8190,11.3819,13.9807,13.0896,11.0105,11.2508,12.5927,14.6336,11.8947,14.4081
5,11.3044,9.5794,10.3441,10.7983,13.4027,12.5096,10.9665,10.6383,11.9358,13.8465,11.9118,13.6732
9,11.4981,10.9648,11.2734
1,10.5671,11.7115,9.9642,9.8771,11.6014,9.9632,12.9204,11.7714,13.4975
3,10.1632,11.6695,9.5580,9.3999,11.6310,9.8724,12.3506,11.1663,13.4667
5,9.6655,11.7457,9.0661,8.8793,11.1492,9.8067,11.8028,10.6145,13.5576
7,9.2343,11.8063,8.7285,8.9758,10.6070,9.7294,11.2335,10.1275,13.5723
9,8.7571,11.8128,8.4153,8.6611,10.5235,9.6651,10.6643,9.5750,13.6521
1,12.4460,10.6064,10.7536,11.7111,13.4422,11.0230,14.1714,10.9000,14.3833
3,12.5221,10.1490,10.2003,11.8020,12.9028,11.0174,14.1835,10.3602,14.4506
5,11.9043,10.2077,9.6797,11.7954,12.3079,10.6007,14.2695,9.8284,13.7506
7,11.2902,9.6832,9.7021,11.7094,11.7291,10.1516,14.3157,9.2791,13.7813
9,11.2028,9.1639,9.3012,11.7844,11.1768,9.6405,14.2917,8.9109,13.8265
1,13.9281,12.5571,10.6651,12.2257,11.2383,10.1871,12.5643,11.0660,13.2728
3,13.3074,11.9050,10.5826,11.5791,11.1570,9.7936,11.9964,10.5945,13.2309
5,12.6736,11.9880,10.0989,11.0501,11.0639,9.4118,12.0447,10.1663,12.5361
7,12.1469,11.4910,10.1661,10.6119,11.0258,8.9913,12.0673,9.7977,11.8593
9,11.5774,11.5791,9.6629,10.2007,11.0796,8.5037,11.4471,9.2792,11.9441
1,10.4098,13.5116,13.1824,12.9392,10.4728,11.3107,10.2483,14.0227,12.8327
3,10.4731,12.8355,12.4693,12.2769,10.0469,11.3511,10.2165,13.2974,12.2792
5,10.3980,12.2850,11.8923,11.7219,9.9909,10.7567,9.6458,13.2151,11.7219
7,9.9164,11.6816,11.8063,11.1658,9.6123,10.8180,9.6260,12.6681,11.2165
9,9.4184,11.6295,11.1912,10.6196,9.6061,10.2065,9.0771,12.0723,11.2233
1,14.3663,14.7134,14.0824,14.5685,13.9551,13.3533,13.8495,12.7702,10.2960
3,14.3050,13.9915,13.3805,14.5056,13.3543,12.7921,13.8832,12.1586,9.8014
5,13.6115,13.3377,13.3053,14.5727,12.8194,12.1934,13.2447,11.6818,9.8181
8,12.5257,12.4608,12.9428,13.5905,14.2040,12.4988,13.4184,10.7182,11.6520
10,11.9380,12.5152,12.4207,13.5535,13.5997,11.8087,12.8198,10.1341,11.7450
12,11.9143,11.8771,11.8804,13.0039,12.9177,11.7269,12.7741,9.6955,11.1268
14,11.3505,11.2248,11.8871,12.3256,12.9730,11.0432,12.0768,9.2424,11.1013
16,10.8474,10.5931,11.8956,12.2684,12.3184,10.4143,11.9777,8.8051,11.1453
18,10.3057,10.5623,11.8900,11.5592,12.2549,9.7912,11.4479,8.4054,11.1368
20,9.9018,10.1402,11.8880,11.4960,11.5684,9.3210,11.4526,7.9761,10.6642
22,9.3221,9.7105,11.9173,11.4622,11.0390,8.8316,11.4947,7.5984,10.1778
24,8.7850,9.2302,11.8629,10.9495,10.5387,8.6377,11.4463,7.1655,9.7623
26,8.2617,8.8112,11.9372,10.3445,10.5873,8.1206,11.5278,6.7364,9.2345
28,7.9063,8.4357,12.0262,9.7724,10.1807,8.1155,11.5177,6.4874,8.8526
30,7.4714,8.0612,11.9855,9.2955,10.2181,7.6866,11.5608,6.0728,8.4937
32,7.0636,7.6296,11.9602,8.8906,10.2918,7.3183,10.9241,6.1570,8.0073
34,6.6392,7.2873,11.9282,8.5064,9.7540,7.2061,10.4835,5.8802,7.9226
36,6.5715,6.8987,11.3619,8.1598,9.2048,7.1729,9.9552,5.9746,7.4659
38,6.3163,6.5438,11.4024,8.0887,8.7799,6.8689,9.9275,5.6863,7.1379
40,5.9175,6.1751,11.4795,7.6927,8.8216,6.4186,9.4259,5.4018,7.1331
42,5.7133,5.8899,11.5575,7.2295,8.8003,6.1374,9.3556,5.0533,6.8564
44,5.4699,5.5055,11.6569,6.8141,8.7013,5.7388,9.4436,4.7563,6.5507
46,5.1970,5.2184,11.6825,6.4363,8.6491,5.3769,9.4716,4.4760,6.1435
48,4.9724,4.9827,11.7742,6.0509,8.1978,5.3595,9.5564,4.3174,5.7620
50,4.6594,4.8079,11.8159,5.6648,8.0998,5.0711,9.4587,4.0580,5.5413
52,4.4450,4.5283,11.8262,5.2803,8.1964,4.8291,9.4062,3.8484,5.3092
54,4.2634,4.2258,11.1944,4.9540,7.7863,4.7337,9.3538,3.6235,4.9995
56,4.1452,4.0493,10.6529,4.7412,7.4015,4.7172,8.9807,3.3364,4.8372
58,3.9553,3.8748,10.2456,4.5431,7.0872,4.6366,8.6490,3.1083,4.7072
60,3.6970,3.7361,9.8085,4.3017,7.1626,4.3475,8.1541,3.0203,4.6988
62,3.4577,3.4960,9.7363,4.2255,6.7819,4.0872,8.2415,2.8001,4.4716
64,3.3310,3.3342,9.8176,4.0867,6.6605,3.8450,8.2821,2.5846,4.1836
66,3.2951,3.1864,9.3125,3.8479,6.3573,3.8390,8.2460,2.3871,4.0476
68,3.1704,2.9589,9.2977,3.8250,6.1084,3.5623,8.2820,2.3614,3.8959
70,3.0916,2.8056,9.3295,3.6402,5.7298,3.4922,7.9623,2.2093,3.6218
72,2.9785,2.5750,9.3272,3.5354,5.4275,3.2385,7.8897,2.2217,3.3913
74,2.7462,2.3650,9.2310,3.4796,5.2302,3.0749,7.8204,2.2088,3.1649
76,2.5712,2.1271,9.3130,3.3545,4.9822,2.9379,7.4022,2.1386,3.0035
78,2.5797,1.9612,9.3109,3.1594,4.6882,2.7914,7.4568,2.0385,2.9178
80,2.3949,1.8306,9.3824,3.0098,4.3227,2.7010,7.4372,1.8633,2.7587
82,2.3435,1.7108,9.3110,2.8656,4.2169,2.6646,7.1625,1.8484,2.7449
84,2.1860,1.6609,8.8232,2.6468,4.1288,2.5307,6.9163,1.6553,2.7678
86,2.1188,1.6132,8.3871,2.5532,3.8985,2.4610,6.5276,1.5509,2.7303
88,2.0865,1.5463,8.4343,2.5251,3.7791,2.3622,6.5543,1.5664,2.7073
90,1.9626,1.3928,8.3876,2.4804,3.6495,2.2327,6.6444,1.5436,2.6281
92,1.8193,1.3896,8.4510,2.2951,3.4328,2.1610,6.3039,1.4299,2.5847
94,1.8520,1.2853,8.3824,2.0783,3.1780,1.9904,6.2719,1.4637,2.4108
96,1.7911,1.1473,8.4565,2.0734,3.0926,1.9208,6.0396,1.4743,2.3718
98,1.6527,0.9957,8.1045,1.9350,3.0421,1.7506,5.7309,1.4516,2.4104
100,1.6342,0.9832,8.0652,1.8355,2.8632,1.7408,5.6436,1.3307,2.4870
102,1.5177,1.0860,8.0854,1.8106,2.6694,1.7111,5.6619,1.3513,2.4801
104,1.3902,1.0693,8.1593,1.7580,2.5158,1.7560,5.6022,1.3594,2.5577
106,1.3622,1.0802,8.1134,1.5658,2.3871,1.6427,5.3593,1.2078,2.5262
108,1.3247,1.0000,7.8416,1.4473,2.2160,1.5485,5.2989,1.2203,2.5855
110,1.3180,0.9325,7.8103,1.4684,2.1706,1.5023,5.2418,1.1144,2.5785
112,1.2661,1.0000,7.3676,1.4104,2.1433,1.3299,5.0592,1.0200,2.4413
114,1.1537,1.0454,7.0008,1.3329,2.0476,1.3351,4.9865,0.9441,2.4554
116,1.1223,0.9601,6.7579,1.3000,2.0163,1.2694,4.7715,0.9019,2.4079
118,1.1233,1.0000,6.4485,1.1284,1.8606,1.0975,4.8239,0.8959,2.3811
120,1.1159,1.0048,6.2262,0.9551,1.7590,1.0903,4.6048,1.0410,2.3871
122,1.1426,1.0172,6.2493,0.9129,1.6059,1.0085,4.5425,0.9192,2.4296
124,1.0526,1.0611,6.2412,1.0000,1.4967,0.9429,4.5631,1.0110,2.4940
126,1.0449,1.0274,6.2443,1.0502,1.5158,1.0000,4.6075,0.9707,2.5766
128,1.0505,0.9805,6.3078,1.0735,1.3738,1.0000,4.5858,0.9687,2.5107
130,1.0475,0.9886,6.2122,1.0677,1.2156,0.9185,4.6021,0.9330,2.5064
132,0.9680,1.0000,5.9249,1.0384,1.1095,0.9609,4.6250,0.8475,2.4080
134,1.0621,1.0000,5.5927,1.1122,1.1347,0.9617,4.6863,0.8819,2.3201
136,0.9372,1.0000,5.2635,1.1343,1.0000,0.9903,4.4513,0.9154,2.4138
138,0.9507,0.9945,5.3432,1.0161,1.0646,1.0000,4.4558,0.8611,2.4878
140,0.9012,0.9058,5.4373,0.9483,0.9344,1.0022,4.4413,0.7999,2.4066
142,1.0000,1.0135,5.2092,1.0125,0.9475,1.0412,4.4345,0.7147,2.3365
144,0.9467,0.9909,5.2409,1.0434,0.9262,0.9453,4.3965,0.8011,2.4004
146,0.9892,1.0622,5.2481,1.0468,1.0558,0.9331,4.1178,0.7341,2.3755
148,0.9917,0.9125,5.2092,0.9731,1.0143,1.0000,4.1677,0.8111,2.4335
150,1.0482,0.9144,5.3065,0.9887,1.0000,0.9015,4.2404,0.8561,2.4784
152,0.9864,1.0516,5.3090,1.0000,0.9197,1.0602,4.1509,0.9298,2.4394
154,0.8943,1.0000,4.9767,0.9304,1.0000,1.0078,3.9017,1.0136,2.3061
156,0.9375,0.9310,4.9204,0.9351,1.0603,1.0000,3.7213,0.9426,2.2841
158,1.0133,1.0000,4.6376,1.0416,1.0317,1.0000,3.7050,1.0013,2.2384
160,1.0290,0.9954,4.5065,0.9084,0.9662,1.0108,3.6392,0.9531,2.2098
162,0.9424,0.9507,4.5330,0.8337,0.9092,0.9394,3.7099,0.8954,2.3020
164,1.0923,0.9560,4.5611,0.8419,1.0889,0.9146,3.7898,0.9409,2.3784
166,1.0912,0.9802,4.6383,0.7893,1.0458,1.0154,3.8376,0.9590,2.3488
168,0.9617,0.9717,4.5517,0.6904,0.9327,1.0010,3.8558,0.9969,2.2602
170,1.0168,1.0428,4.5649,0.7121,1.0819,1.0000,3.8841,1.0366,2.2483
172,1.0738,1.0028,4.6328,0.7862,0.9443,0.9056,3.9629,1.1024,2.1644
174,1.0000,1.0153,4.4371,0.6869,1.0013,0.9220,3.7166,1.1681,2.1201
176,0.9401,0.9481,4.5067,0.6292,0.9879,1.0799,3.5641,1.2188,2.1024
178,0.9752,0.9597,4.2379,0.6661,1.0583,1.0368,3.4384,1.1967,1.9455
180,9.7986,13.0279,10.1420,12.2820,12.3803,11.7864,12.2473,13.4224,9.6774
182,9.3537,13.0541,9.7578,11.7547,11.8326,11.8859,11.5881,12.6965,9.6122
184,8.8301,13.1250,9.2927,11.2702,11.7482,11.3872,11.0676,12.6601,9.1043
186,8.3953,13.1476,8.9321,11.2963,11.1932,10.7705,10.4705,12.6209,8.6788
188,7.9918,12.6051,8.9552,10.7138,11.0583,10.1656,10.3973,12.0642,8.2810
190,7.6520,12.5617,8.5763,10.6500,10.5260,9.5652,10.2705,11.4453,7.7455
192,7.2831,12.5624,8.6477,10.2389,9.9734,9.4416,9.7350,11.4481,7.4516
194,6.9098,12.5881,8.2693,9.7113,9.3982,9.3994,9.1721,10.9287,7.3133
196,6.6049,12.6249,7.8052,9.5926,8.9328,9.0002,8.6502,10.8979,6.9577
198,6.3554,11.9344,7.8230,9.5003,8.4940,8.5637,8.2386,10.9188,6.5935
200,6.1070,11.4013,7.7894,9.4541,8.0783,8.0262,8.2370,10.4374,6.2766
202,6.0444,10.8615,7.3358,8.9381,7.5598,8.0084,8.2477,9.9090,5.8661
204,5.9821,10.3812,6.9429,8.5305,7.4475,7.5357,7.8829,9.8406,5.5302
206,5.5968,10.4034,6.7269,8.2021,7.3708,7.1578,7.6264,9.7505,5.2487
208,5.3209,10.3440,6.5102,7.8479,7.2323,6.7267,7.2749,9.7389,4.9956
210,5.3022,9.8445,6.1717,7.4819,6.8647,6.6569,7.1211,9.2430,4.7555
212,5.0603,9.4305,6.0795,7.0410,6.8595,6.2258,7.1035,8.7920,4.4876
214,4.7282,8.9014,6.1103,6.5979,6.4146,6.3075,6.8392,8.4154,4.3349
216,4.4710,8.4540,6.0968,6.5732,6.0557,5.9761,6.4678,8.3887,4.1413
218,4.4601,8.1653,5.7598,6.2007,5.7709,6.0336,6.1969,7.9304,4.0530
220,4.2529,8.2040,5.5624,5.8649,5.5797,6.1296,6.1420,7.9214,3.7503
222,3.9191,8.1103,5.2799,5.7800,5.2387,5.8863,5.9356,7.6223,3.8446
224,3.7956,8.1297,5.0264,5.4102,4.8876,5.9118,5.7523,7.5382,3.6991
226,3.6698,7.8287,4.6901,5.2741,4.6474,5.5431,5.3934,7.1555,3.7416
228,3.4678,7.8578,4.5190,4.9958,4.3942,5.4771,5.4441,7.1054,3.6467
230,3.1964,7.7746,4.2195,4.8177,4.0743,5.5194,5.1737,6.8137,3.6267
232,2.9618,7.7183,3.9366,4.6553,3.8959,5.3213,4.8863,6.7579,3.4282
234,2.7870,7.7824,3.6725,4.4476,3.6910,5.2563,4.6890,6.8503,3.1734
236,2.7108,7.8547,3.4211,4.3572,3.4282,4.9563,4.4360,6.8084,3.0901
238,2.5399,7.9496,3.3469,4.0485,3.1682,4.9308,4.1688,6.7353,3.1397
240,2.3775,7.6173,3.1463,3.9571,2.9537,4.5936,3.9039,6.5095,3.1373
242,2.3218,7.5354,3.0244,3.6675,2.8289,4.3186,3.8759,6.4657,2.9690
244,2.1410,7.1930,2.9768,3.5472,2.6366,4.1496,3.6969,6.4273,2.9345
246,1.9787,6.8491,2.7275,3.4373,2.5307,3.9533,3.4932,6.5220,2.7636
248,1.8770,6.5628,2.7068,3.1943,2.3798,3.8308,3.4289,6.2174,2.5408
250,1.7200,6.3156,2.7877,3.0036,2.1865,3.8007,3.2948,5.8562,2.4805
252,1.6100,6.0831,2.7788,2.8678,2.0510,3.7297,3.0676,5.6317,2.3445
254,1.4408,5.7080,2.6913,2.7349,1.9718,3.5106,3.0036,5.3479,2.1356
256,1.2966,5.5361,2.5003,2.6624,1.9228,3.4304,2.8472,5.4228,1.9452
258,1.1690,5.4456,2.3843,2.6448,1.7964,3.2332,2.6804,5.4475,1.8194
260,1.1928,5.3671,2.2474,2.4837,1.5990,3.0944,2.6269,5.4251,1.7027
262,1.0842,5.3927,2.0525,2.3897,1.4690,2.8587,2.4355,5.4032,1.6140
264,0.9576,5.1975,1.9204,2.3689,1.3915,2.7489,2.3247,5.4168,1.5178
266,0.9561,5.2907,1.7225,2.3099,1.3754,2.5521,2.2865,5.3505,1.4975
268,0.9473,5.2866,1.6350,2.2396,1.3428,2.4148,2.1570,5.3092,1.5168
270,0.8950,5.2403,1.5913,2.0501,1.2917,2.2529,2.1018,5.1727,1.3427
272,1.0668,5.3341,1.4836,1.8802,1.1864,2.0812,1.9518,5.0879,1.1806
274,1.0497,5.1249,1.4487,1.7647,1.1670,1.9994,1.8926,4.8324,1.0771
276,1.0660,5.1165,1.3565,1.6336,1.0628,1.8139,1.6885,4.6936,1.0185
278,1.0748,4.8718,1.3338,1.5369,0.9139,1.7414,1.6615,4.4879,1.0483
280,1.0436,4.8590,1.3637,1.3913,0.8232,1.5930,1.6076,4.2590,1.0863
282,0.9901,4.9119,1.3317,1.2131,0.9097,1.6239,1.6028,4.2107,1.0876
284,0.9384,4.9904,1.3024,1.0747,0.9391,1.6616,1.5621,4.2022,1.0308
286,1.0172,5.0040,1.2152,1.0634,0.9405,1.7142,1.4649,4.2799,1.0247
288,0.8978,5.0586,1.0706,1.0464,0.9585,1.7836,1.3990,4.1108,0.9797
290,1.0732,5.0883,0.9214,0.9439,0.9504,1.6576,1.3931,3.8709,1.0000
292,0.9694,5.1867,0.9661,1.0000,1.0324,1.6452,1.2937,3.6687,1.0659
294,1.0278,5.2182,1.0641,0.9150,1.0000,1.6485,1.2836,3.7503,1.0337
296,0.9542,5.2474,0.9894,0.9145,1.0000,1.5896,1.3269,3.6577,1.0351
298,1.0242,5.2078,0.9404,0.9993,1.0000,1.4932,1.3954,3.5641,1.0665
300,0.9833,5.0134,0.9100,1.0018,0.9842,1.3855,1.4043,3.4832,1.0257
302,1.0718,4.9344,1.0652,0.9595,1.0080,1.3527,1.3919,3.3535,1.0857
304,1.0394,4.7806,1.1371,0.9552,1.0074,1.3739,1.3403,3.1527,1.0818
306,1.1011,4.8106,1.0380,0.9279,1.0543,1.1976,1.2468,3.1576,1.0429
308,1.1012,4.8883,0.9636,1.0953,0.9104,1.1931,1.2000,3.1154,0.9712
310,1.0605,4.8224,0.9059,1.0066,1.0130,1.1466,1.2061,3.1606,1.0551
312,1.0576,4.5435,0.9176,1.0000,1.0505,1.1896,1.1066,3.0750,0.9090
314,0.9037,4.2765,0.9615,0.9515,0.9068,1.1134,1.0842,2.8554,1.0000
316,1.0101,4.3229,0.9440,0.9084,1.0000,1.0777,1.0111,2.9381,0.9275
318,1.0312,4.3474,0.9896,0.9372,1.0150,1.0000,1.0283,2.7714,0.8788
320,0.9608,4.4272,0.9396,1.0372,1.0192,1.0000,0.9518,2.7321,0.9298
322,0.9168,4.2175,1.0000,1.0818,0.9495,1.0123,0.9247,2.6387,0.8336
324,0.9413,3.9589,1.0000,1.1132,0.9351,1.0721,1.0453,2.6019,0.7913
326,1.0000,3.7815,0.9100,0.9801,1.0717,1.0865,1.0000,2.5752,0.8770
328,0.9175,3.5874,1.0000,1.0000,1.0382,0.9426,0.9119,2.4684,0.9411
330,1.0000,3.4695,1.0148,1.0156,0.9026,1.0000,1.0000,2.3087,1.0533
332,1.0000,3.2082,1.0056,1.0764,1.0147,1.0263,0.9260,2.1526,1.0244
334,0.8862,2.9353,1.0396,1.0000,1.0185,0.9056,0.9032,2.1264,0.9715
336,0.9481,2.9697,0.9589,0.9167,0.9349,1.0000,0.9190,2.0402,0.9701
338,0.9539,2.7855,1.0334,0.9270,0.9177,0.9810,1.0359,2.0376,1.0000
340,9.8922,12.7046,10.9497,10.9410,10.5319,13.4064,12.5526,12.1643,13.1373
342,9.4734,12.7536,10.4155,10.9156,9.9657,12.7062,12.0044,11.5526,13.2113
344,8.9745,12.7942,10.0113,10.9361,9.4573,12.0320,12.0322,11.0313,12.6900
346,9.0609,12.1647,9.5988,10.4143,9.5499,11.3978,11.4988,11.0333,12.0079
348,8.6144,12.0715,9.0936,10.3333,9.0170,10.7761,11.5174,10.5403,11.3707
350,8.6564,12.0405,8.5933,10.3727,8.6375,10.1690,11.6137,9.9846,10.8695
352,8.7314,11.4832,8.1347,9.8550,8.5560,9.6967,10.9604,9.9312,10.3004
354,8.3443,11.4242,7.6572,9.3951,8.5479,9.2971,10.9992,9.4473,9.8699
356,8.0442,10.9146,7.4994,8.8454,8.0294,9.1387,10.9766,8.9472,9.3087
358,7.7002,10.3549,7.4248,8.9136,7.6856,8.7222,10.4711,8.7527,8.8113
360,9.9109,10.0613,10.6963,14.0712,11.8913,11.3374,12.3742,13.8497,12.9658
362,12.2459,12.7966,13.5008,12.9212,10.2287,10.3984,9.9153,12.6980,12.9868
364,11.6961,12.7408,12.8522,12.4194,10.2841,9.9062,9.4858,12.7272,12.9820
366,11.1298,12.0971,12.7597,11.7898,10.2948,9.5121,9.5076,12.7222,12.9045
368,11.1076,11.4842,12.7511,11.2845,10.2178,9.0095,8.9850,12.6547,12.9293
370,10.5804,10.8639,12.7605,10.7979,10.2016,8.6069,8.6526,12.7541,12.8883
372,10.0033,10.2577,12.7427,10.1960,9.6815,8.4958,8.2322,12.1494,12.9138
374,9.5733,10.0785,12.0428,9.6732,9.2795,8.3787,7.8511,12.1160,12.8641
376,9.0938,9.5776,11.9153,9.1558,9.2742,7.9075,7.5423,12.1557,12.8026
378,8.5920,9.1219,11.9780,8.6522,8.8107,7.9255,7.0687,12.2226,12.1261
380,8.5748,8.7412,11.4499,8.2709,8.7718,7.5768,6.6658,12.2285,11.5113
382,8.2265,8.2399,11.3550,7.7681,8.7223,7.2400,6.2383,12.3164,10.9771
384,8.0414,7.8778,10.7631,7.3626,8.3290,7.3373,5.9197,12.2529,10.3816
386,7.6281,7.4755,10.7622,7.2381,7.8050,7.0335,5.9848,11.6598,9.8650
388,7.2336,7.4608,10.2691,6.8207,7.8225,6.7721,5.9863,11.6856,9.8760
390,7.2715,7.0983,9.7722,6.4147,7.4507,6.6844,5.6863,11.7300,9.4719
392,6.9363,6.9848,9.3364,6.2856,7.1339,6.2653,5.4109,11.1502,9.3989
394,6.5977,6.6303,9.3259,6.1002,6.8740,5.9211,5.1900,11.1831,9.4244
396,6.2353,6.4434,8.7944,5.8219,6.7320,5.5403,5.1794,10.5634,9.0377
398,6.1246,6.0785,8.3860,5.5313,6.6884,5.2389,4.8522,10.5594,8.6201
400,5.8968,5.6939,8.2925,5.1810,6.6263,5.0567,4.6759,10.6104,8.1915
402,5.5974,5.3962,8.1309,4.9148,6.3049,4.9061,4.5793,10.0473,7.7963
404,5.4103,5.0419,7.6696,4.7761,6.0401,4.6138,4.4412,9.9696,7.3704
406,5.1776,4.7839,7.7338,4.6613,5.7031,4.2971,4.2734,10.0004,6.9885
408,4.9089,4.6508,7.3705,4.6343,5.3532,3.9844,4.0319,10.0358,6.6574
410,4.6489,4.5008,7.4176,4.3344,5.1116,3.9778,3.9060,10.1190,6.3448
412,4.6047,4.3274,7.1725,4.2720,4.8698,3.7987,3.7528,9.6839,5.9664
414,4.4015,4.1662,7.0014,4.0255,4.7361,3.6632,3.5972,9.3232,5.5818
416,4.2091,3.9184,6.6612,3.7494,4.4901,3.6460,3.4749,8.8092,5.3251
418,4.1046,3.7844,6.2930,3.7114,4.3555,3.4095,3.2983,8.8361,5.0653
420,3.8945,3.5027,6.3188,3.5998,4.1655,3.3066,3.1758,8.3386,4.8806
422,3.6492,3.4033,6.0825,3.4544,4.1210,3.0876,3.1905,7.8684,4.6795
424,3.4933,3.1743,6.0179,3.4447,3.8374,2.9162,3.1142,7.4535,4.5070
426,3.3430,3.0888,5.6410,3.3468,3.6077,2.7007,3.0511,7.0742,4.3797
428,3.0781,3.0474,5.4924,3.1473,3.3536,2.5395,2.8925,6.9910,4.0904
430,2.8365,2.8006,5.5276,2.9667,3.2162,2.4522,2.7658,6.8979,3.9476
432,2.7027,2.6159,5.4608,2.8327,3.0254,2.4303,2.7122,6.8900,3.7261
434,2.5596,2.5081,5.1685,2.6268,3.0140,2.3664,2.6076,6.9038,3.6385
436,2.4450,2.4316,5.1058,2.5152,2.9065,2.1748,2.4161,6.9481,3.3710
438,2.3016,2.2760,5.1357,2.3541,2.7079,2.0755,2.1984,6.9955,3.2960
440,2.1729,2.1803,5.1766,2.2192,2.5703,1.9024,2.0552,6.7300,3.3136
442,2.0749,2.1214,4.8416,2.0088,2.4198,1.7592,2.0468,6.6740,3.2392
444,12.5364,14.6287,10.1646,12.7937,10.6432,9.7552,13.5332,13.8048,13.6549
446,12.0002,13.8667,10.1282,12.1440,10.5764,9.3857,12.7985,13.7136,13.0545
448,12.0437,13.1461,9.7339,11.5454,10.6566,8.9082,12.2601,13.6333,12.4328
450,11.4983,12.5657,9.8195,10.9480,10.1029,8.9235,11.5800,13.0725,12.3403
452,11.4339,11.8193,9.4055,10.4927,10.0332,8.5142,11.5255,12.3624,11.6272
454,10.8762,11.2375,9.2872,9.9671,10.0025,7.9851,11.4481,11.7437,11.0049
456,10.4463,10.5975,9.1742,9.9466,9.4985,7.5254,11.4229,11.0618,10.4643
458,9.9356,10.0718,9.1049,9.8581,9.4469,7.0968,11.3473,10.4228,10.4017
460,9.4930,10.0132,8.6000,9.3595,9.4398,6.8256,10.7910,10.2670,9.9806
462,9.4005,9.5355,8.6222,9.2789,9.4232,6.4784,10.1995,9.6967,9.9537
464,8.9313,9.0605,8.5802,9.1997,9.3582,6.5516,9.8036,9.1426,9.9522
466,8.6224,8.5908,8.4941,8.6853,9.3840,6.2037,9.4469,8.7153,9.9048
468,8.3187,8.2125,8.5194,8.3538,9.0284,6.2545,9.0255,8.5733,9.4165
470,7.8846,7.7703,8.5769,8.4059,9.1096,6.0458,8.5273,8.4620,9.0131
472,7.5483,7.4203,8.5483,8.3607,9.1090,5.7616,8.0153,7.9389,8.9185
474,7.5400,7.0607,8.0919,8.2921,8.5912,5.4896,7.9706,7.5419,8.6074
476,7.1464,6.7603,8.0560,8.3286,8.6895,5.4947,8.0050,7.1093,8.5647
478,6.8738,6.4090,8.0910,8.4053,8.2770,5.1620,7.9497,6.7834,8.1094
480,6.6075,6.0352,8.0971,8.3485,8.2984,5.0875,7.8515,6.5085,8.0854
482,6.2274,5.6758,8.1504,7.9282,7.9471,5.1648,7.5189,6.1181,8.0178
484,6.1127,5.3428,7.7115,7.9223,7.4955,4.8409,7.1320,5.7994,8.0837
486,5.7167,5.0191,7.6609,7.8318,7.5186,4.8884,7.1470,5.4747,8.1252
488,5.3140,4.6861,7.7335,7.3937,7.2530,4.8209,6.7755,5.2309,8.0330
490,5.1163,4.5349,7.7661,7.4238,7.2622,4.7515,6.7324,4.8749,7.7504
492,4.9020,4.3429,7.7456,7.1136,7.3224,4.4590,6.7266,4.5385,7.3172
494,4.6714,4.1639,7.7122,7.0578,7.3632,4.2602,6.6780,4.2369,6.9724
496,4.6563,3.8852,7.2646,6.8072,7.3720,4.0420,6.5932,3.9659,6.6806
498,4.4091,3.7022,6.9053,6.5401,7.1101,3.9795,6.3200,3.9261,6.3881
500,4.1100,3.5935,6.9210,6.6187,7.1287,3.7712,6.1449,3.7983,6.0762
502,3.9487,3.5414,6.5857,6.2338,7.0338,3.4815,5.8365,3.5832,6.1483
504,3.7760,3.2915,6.6129,6.1938,6.8090,3.2328,5.6116,3.5599,5.8759
506,3.5874,3.1123,6.3314,6.2235,6.4185,3.0487,5.2942,3.3454,5.9237
508,3.3237,2.8764,6.3370,6.1528,6.1835,2.9100,4.9371,3.2415,5.8734
510,3.1256,2.6561,6.3416,5.9658,6.1125,2.8360,4.7711,3.3317,5.8701
512,2.9756,2.5042,6.3610,5.9701,5.7733,2.6748,4.7640,3.3024,5.6349
514,2.7321,2.4024,6.1616,5.7774,5.6925,2.5394,4.6204,3.2310,5.7198
516,2.6872,2.3495,6.1647,5.8609,5.4272,2.4665,4.5855,3.1123,5.4836
518,2.5076,2.3289,5.8880,5.9325,5.2423,2.2402,4.5215,2.9484,5.1909
520,2.3517,2.3173,5.6677,5.6205,4.9691,2.2180,4.3419,3.0222,4.9679
522,2.3649,2.2825,5.4164,5.6595,4.6940,2.0260,4.2979,2.8057,4.7690
524,2.3551,2.1160,5.4476,5.6671,4.4792,2.0147,4.2413,2.7168,4.6630
526,2.3881,1.9265,5.4675,5.6491,4.2444,1.9715,4.2809,2.6373,4.7080
528,2.3936,1.7481,5.4062,5.6071,4.0408,1.8707,4.2428,2.6298,4.6119
530,2.3337,1.5549,5.4210,5.2934,3.8830,1.7182,4.0790,2.6271,4.7117
532,2.2330,1.4871,5.5124,5.3800,3.7499,1.7027,4.1781,2.5870,4.5869
534,2.1042,1.3176,5.5247,5.3184,3.5423,1.6559,4.0634,2.5378,4.3545
536,2.0338,1.2867,5.5236,5.1421,3.5522,1.5484,4.0435,2.4932,4.0730
538,1.8236,1.1607,5.3175,4.8331,3.3447,1.4652,3.9560,2.5186,3.7896
540,1.7374,1.0059,5.2791,4.5557,3.3865,1.3914,4.0238,2.5073,3.5790
542,1.6732,1.0861,5.2964,4.5263,3.3164,1.2829,4.0549,2.3705,3.3501
544,1.6024,0.9670,5.3646,4.5955,3.1562,1.1632,3.8927,2.3215,3.2731
546,1.6078,1.0000,5.1982,4.6367,3.0299,1.0819,3.7818,2.3195,3.0319
548,1.5358,1.0000,4.9110,4.4785,2.8962,1.0000,3.5930,2.2199,2.8665
550,1.5862,1.0138,4.5669,4.3154,2.9306,1.0732,3.3759,2.1829,2.7110
552,1.4298,0.9595,4.2325,4.1638,2.9690,0.9315,3.2641,2.1239,2.5557
554,1.3850,1.0909,4.1846,4.1436,2.9406,0.9978,3.3211,2.2087,2.5104
556,1.2917,0.9300,4.1811,3.9128,2.8629,0.9785,3.2435,2.0810,2.3837
558,1.3104,0.9716,4.2132,3.7622,2.8192,0.9808,3.0656,2.1020,2.2183
560,1.1801,1.0741,4.1626,3.7052,2.8720,1.0711,2.9923,2.1741,2.0531
562,1.1151,1.0114,4.0326,3.5142,2.8453,0.9905,2.8995,2.0989,1.8953
564,1.0245,1.0498,3.9114,3.3764,2.7126,1.0894,2.8441,1.8904,1.8194
566,1.0000,0.9327,3.8455,3.1263,2.7505,1.0849,2.7720,1.8397,1.8077
568,1.0485,1.0566,3.6136,2.9465,2.5900,1.0513,2.5731,1.7336,1.7000
570,0.9791,0.9864,3.5494,2.7932,2.4055,1.1170,2.4835,1.7026,1.5540
572,1.0719,1.0699,3.4969,2.6583,2.3189,1.0436,2.5069,1.6063,1.5032
574,0.9656,1.0465,3.4408,2.5793,2.1659,1.0782,2.5914,1.5449,1.3771
576,0.9532,0.9598,3.4897,2.5581,2.1472,0.9868,2.6357,1.4364,1.3217
578,1.0745,1.0362,3.3910,2.4297,1.9767,1.0299,2.6322,1.2873,1.3312
580,1.0347,1.0091,3.4302,2.3700,1.9177,0.9890,2.7319,1.2856,1.2973
582,1.0000,0.9736,3.2838,2.3038,1.9353,1.0034,2.6906,1.2530,1.2111
584,0.9176,0.9844,3.3715,2.1109,1.9644,1.0302,2.5418,1.1561,1.1448
586,1.0387,1.0581,3.3496,2.0944,2.0490,0.9868,2.3708,1.1022,1.1663
588,1.0317,0.9857,3.3997,2.0317,1.9768,1.0356,2.4533,0.9639,1.1807
590,1.0102,1.0286,3.2808,1.9224,1.9527,0.9516,2.4960,1.0553,1.1990
592,1.0733,1.0963,3.2601,1.8974,1.9001,0.9260,2.3963,0.9750,1.1438
594,1.0583,1.0856,3.0744,1.8309,1.7924,0.8361,2.4002,1.0210,1.0522
596,1.1032,1.1487,3.1271,1.8583,1.8778,0.7902,2.3651,1.0011,0.9273
598,1.1338,1.1857,3.0607,1.7142,1.9253,0.8329,2.3684,1.0452,0.9680
600,1.1600,1.1054,2.9898,1.7272,1.8641,0.8407,2.2882,1.0817,1.0000
602,1.0285,1.1064,2.9280,1.5869,1.6640,1.0000,2.2656,1.0788,0.9494
604,0.9440,1.0307,2.7328,1.4598,1.5393,1.0140,2.0814,0.9586,0.9590
606,0.9809,0.9633,2.8225,1.3536,1.6109,1.0408,1.9982,1.0078,1.0676
608,0.9041,0.9770,2.7928,1.3243,1.5660,0.9594,2.0188,0.9936,1.0311
610,0.9024,1.0172,2.7577,1.3082,1.4192,0.9034,2.0006,1.0911,1.0115
612,1.0447,0.9571,2.8488,1.2101,1.4621,0.9424,2.0025,1.1027,1.0587
614,1.0269,0.8673,2.8401,1.2776,1.3577,0.8559,1.9775,1.0780,1.1360
616,1.0089,0.7960,2.7769,1.1673,1.4569,0.7573,1.9475,0.9793,1.2061
618,0.9394,1.0133,2.6630,1.0610,1.2997,1.0000,1.9589,0.9030,1.1173
620,1.0730,1.0671,2.6118,1.0924,1.1744,0.9683,1.9236,1.0340,1.1877
622,0.9378,0.9214,2.5497,0.9861,1.0708,1.0565,1.8174,0.8826,1.0399
624,1.0137,0.9013,2.5562,1.0890,1.0392,1.1252,1.7250,0.9257,1.0071
626,1.0770,0.8771,2.3989,1.0302,1.0007,1.1688,1.6907,0.8647,0.9617
628,1.0257,0.9509,2.3375,1.0947,1.0974,1.1516,1.6156,0.8202,0.9426
630,0.9508,0.9892,2.2431,1.0131,1.1522,1.1719,1.6619,0.7366,0.9096
632,0.9382,0.9277,2.3059,1.0000,1.1018,1.2092,1.6551,0.6820,0.9503
634,1.0785,0.9234,2.3837,1.0513,1.1687,1.2605,1.7316,0.7064,0.9551
636,1.0319,0.9648,2.3553,1.0000,1.1670,1.1842,1.6120,0.6340,1.0008
638,0.9603,0.9512,2.4103,1.0359,1.0852,1.2595,1.5320,0.6205,1.0715
640,1.0186,0.9238,2.3531,0.9691,1.0443,1.2482,1.5133,0.6684,1.0475
642,1.0034,0.9076,2.3645,0.9437,1.0510,1.3071,1.4547,0.5803,1.0825
644,0.9469,0.8862,2.4010,0.9442,1.0948,1.3546,1.4704,0.8967,1.0291
646,1.0961,0.9703,2.3831,0.9677,1.0130,1.3276,1.5243,0.9867,1.0132
648,1.0000,1.0476,2.3708,0.9170,0.9943,1.2356,1.4292,0.9258,1.0320
650,1.0886,0.9239,2.2711,0.9337,0.9591,1.2812,1.3753,0.9273,0.9052
652,1.0450,1.0000,2.1825,0.8853,0.9166,1.2579,1.2641,1.0000,1.0260
654,0.9423,0.9026,2.2521,0.9286,0.9711,1.1607,1.3469,0.9459,0.9643
656,1.0283,1.0059,2.2968,0.9633,0.8734,1.1677,1.4380,0.9783,0.9649
658,1.0153,0.9384,2.3683,0.9490,0.8477,1.0891,1.3968,1.0758,0.8602
660,1.0090,1.0376,2.3427,1.0776,0.8321,1.1289,1.4448,0.9765,0.8122
662,1.0479,0.9389,2.3697,1.0444,1.0000,1.1095,1.3547,1.0199,0.8557
664,1.0370,1.0695,2.3549,1.1269,0.9525,1.1089,1.3629,0.9262,0.9367
666,0.9558,0.9606,2.3709,1.1068,0.9221,1.0555,1.2399,0.9139,0.9547
668,1.0000,0.9159,2.2152,1.1483,0.9696,0.9906,1.2810,0.9695,0.9835
670,0.9584,0.9448,2.3115,1.1543,1.0333,1.0567,1.2164,0.9412,0.8798
672,1.0132,0.9859,2.3493,1.1349,0.9992,0.9979,1.1590,1.0000,0.9011
674,1.0000,0.9860,2.2175,1.1115,0.9387,0.9714,1.2233,0.9243,0.8198
676,0.9755,0.9600,2.2782,0.9724,1.0157,1.0222,1.2173,0.9921,1.0106
678,1.0373,0.8823,2.3766,1.0000,0.9122,0.9129,1.2975,0.9975,1.0525
680,1.0467,1.0000,2.3920,0.9444,0.8954,0.8870,1.3107,0.9499,0.9345
682,1.0394,1.0804,2.4585,0.9247,0.7999,0.8154,1.2988,0.9248,0.8986
684,12.7874,14.4084,13.7469,14.6682,10.4914,13.6530,12.4676,11.0193,13.0330
686,12.2207,14.3678,13.1604,14.7051,10.0423,12.9144,11.9117,11.0440,12.3585
688,12.2793,14.4152,13.1203,14.6604,10.1292,12.2816,11.8628,10.4499,11.7020
690,12.2418,14.3653,12.6031,14.7204,10.1582,11.8035,11.3187,10.4465,11.0938
692,11.5981,14.4052,11.9168,14.7052,9.6545,11.3478,10.6929,10.4428,10.5831
694,11.6929,14.3727,11.3620,14.7188,9.7164,10.7551,10.2187,10.4493,10.0984
696,11.7700,14.3629,11.3703,14.7215,9.7679,10.3090,10.2216,10.5120,10.0126
698,11.2566,13.7722,11.4427,14.7635,9.3074,9.8006,9.6922,10.6053,9.5302
700,11.2892,13.7258,10.9436,14.7076,9.3057,9.4047,9.3088,10.6353,9.0020
702,11.3214,13.1619,10.4793,14.0773,9.3145,8.9530,8.8535,10.6507,8.5527
704,10.7209,13.1997,10.0173,13.4310,8.8545,8.5007,8.5337,10.7032,8.1997
706,10.6551,12.6512,9.5569,12.8357,8.5146,8.3583,8.0846,10.6180,7.8718
708,10.0874,12.6115,9.0297,12.2811,8.5418,7.9023,7.7249,10.5414,7.3983
710,10.0272,12.6110,8.4889,11.6610,8.4787,7.5523,7.2359,10.4828,6.9533
712,9.9690,12.0102,7.9445,11.5199,7.9754,7.1483,6.8164,9.9388,6.9391
714,9.8985,12.0607,7.9099,11.5190,8.0513,6.8170,6.4207,9.8537,6.8987
716,9.4827,12.0961,7.5830,11.6087,8.0547,6.4463,6.1068,9.8133,6.6797
718,8.9758,12.0393,7.2623,11.5677,7.7006,5.9970,6.0784,9.3030,6.4125
720,8.8787,11.4432,7.2161,11.6182,7.6066,5.7969,5.8004,9.3396,6.3779
722,8.9777,11.4725,6.9439,11.6922,7.5563,5.5716,5.5720,9.3690,6.3976
724,8.9207,11.5159,6.9953,11.6471,7.6192,5.2923,5.2342,9.4188,6.4889
726,9.0012,11.4575,6.6581,11.5915,7.3772,4.9993,4.9680,9.3800,6.4719
728,9.0820,10.8786,6.3651,11.0228,7.4590,4.6463,4.7583,9.3528,6.4122
730,9.0762,10.8541,6.0450,11.0658,7.5142,4.3868,4.5330,9.4407,6.1987
732,9.1060,10.3996,5.8104,11.0938,7.2235,4.1900,4.2488,9.4895,5.8559
734,9.1832,10.4198,5.7987,11.1711,7.1887,4.0014,4.1052,9.5125,5.7653
736,8.7210,10.3247,5.4534,11.2532,7.1539,3.7126,3.8081,9.5554,5.8443
738,8.8209,9.9270,5.2506,11.2018,6.7577,3.5235,3.5358,9.4929,5.6850
740,8.4413,9.9637,4.9500,10.6438,6.4107,3.5002,3.3520,9.0033,5.4599
742,8.0380,9.5889,4.6433,10.5627,6.1195,3.3194,3.1288,9.0817,5.1949
744,7.6330,9.1117,4.6111,9.9568,5.7441,3.3150,3.1300,8.6962,4.9794
746,7.5918,9.1955,4.3301,9.9279,5.7005,3.1423,3.0876,8.7376,4.9710
748,7.1543,8.7844,4.2723,9.4909,5.6620,3.0467,3.0613,8.2802,5.0482
750,6.7870,8.3571,4.2585,9.4170,5.4365,2.8703,2.8353,7.9521,5.0988
752,6.5338,8.3753,4.0018,9.4963,5.1975,2.6856,2.7904,7.6407,4.8486
754,6.4874,8.2908,3.9805,9.4558,5.2856,2.5433,2.6247,7.7002,4.6855
756,6.4332,7.8416,3.7965,9.3903,5.0559,2.3293,2.5492,7.3710,4.7170
758,6.1029,7.5125,3.7295,8.9046,4.9018,2.2544,2.4029,7.0566,4.5331
760,6.1214,7.4993,3.5733,8.8510,4.8685,2.1598,2.3516,6.9644,4.3475
762,6.2101,7.0995,3.5227,8.3642,4.7845,2.0717,2.1281,6.7037,4.4250
764,5.8403,6.8793,3.4559,7.9810,4.6260,1.8902,2.0280,6.3185,4.2335
766,5.8837,6.9322,3.2865,7.9320,4.5350,1.8735,2.1113,6.2437,4.0565
768,5.9203,7.0136,3.0764,7.5141,4.5847,1.8362,1.9558,6.1659,3.7755
770,5.9143,7.0146,2.9716,7.4573,4.6813,1.7840,1.8170,6.2277,3.5224
772,5.7050,6.7630,2.7737,7.0743,4.7718,1.6372,1.7820,6.0212,3.6076
774,5.3860,6.8017,2.6171,7.0286,4.8712,1.6420,1.6343,5.7877,3.5901
776,5.0488,6.4845,2.5924,7.0472,4.6495,1.4469,1.6290,5.7420,3.4139
778,5.0240,6.2466,2.4305,6.7425,4.4845,1.2764,1.5656,5.5673,3.4382
780,5.0455,6.2178,2.3997,6.8302,4.4180,1.2485,1.5461,5.2987,3.3911
782,4.8044,6.3124,2.3059,6.8798,4.4966,1.2942,1.4457,5.0504,3.4394
784,4.5320,6.3555,2.2485,6.5789,4.4417,1.2689,1.3770,4.7894,3.4349
786,4.5503,6.3626,2.1605,6.5016,4.4053,1.2346,1.3261,4.6924,3.3695
788,4.6087,6.3371,2.0884,6.4032,4.3065,1.1354,1.4044,4.5009,3.2745
790,4.5806,6.3770,2.1065,6.3378,4.2992,1.1833,1.3717,4.2203,3.0526
792,4.5238,6.3413,2.1309,6.4090,4.2479,1.0940,1.3276,3.9558,2.9263
794,4.4593,6.3899,2.1490,6.4608,4.1584,1.1692,1.3881,3.8910,2.9973
796,4.3848,6.3236,2.1477,6.2782,4.1352,1.0980,1.3636,3.6720,2.8725
798,4.3085,5.9476,2.1728,6.3740,3.8715,1.0346,1.4256,3.5654,2.8063
800,4.3687,5.9947,2.0748,6.4658,3.7937,0.9940,1.4062,3.3772,2.8512
802,4.2117,5.9200,1.9080,6.4799,3.7110,0.9765,1.4625,3.2438,2.7926
804,4.1074,5.6162,2.0045,6.4148,3.4737,1.0100,1.3385,3.1051,2.7800
806,4.0482,5.5958,2.0383,6.4103,3.5008,1.0342,1.2730,3.0101,2.7825
808,4.0388,5.5451,1.9651,6.4794,3.5355,0.9513,1.1978,2.8853,2.7363
810,4.0887,5.6222,1.9648,6.4455,3.4088,0.9978,1.1519,2.8024,2.6533
812,4.0061,5.4532,1.9931,6.2181,3.4899,0.9650,1.1424,2.6358,2.6104
814,4.0873,5.1897,2.0310,6.2069,3.4683,0.9078,1.1952,2.6605,2.6920
816,4.0517,5.2019,2.1231,6.1688,3.3978,0.8355,1.2471,2.5531,2.5977
818,3.8543,5.2763,2.1263,6.2018,3.2646,0.8942,1.2710,2.5464,2.5238
820,3.5962,4.9711,2.0500,6.1273,3.1692,0.8045,1.3209,2.4551,2.3391
822,3.3584,4.8986,1.9821,5.8745,3.1204,0.7961,1.3434,2.4823,2.2064
824,3.3101,4.8629,1.9544,5.4969,3.1134,0.7838,1.2506,2.4508,2.2322
826,3.2779,4.9020,2.0483,5.5536,3.2047,0.7254,1.3208,2.3539,2.2027
828,3.2241,4.9956,2.0324,5.4703,3.1133,0.7109,1.3855,2.4062,2.1408
830,3.1729,4.7098,2.1313,5.1802,3.1094,0.7176,1.4330,2.4093,1.9783
832,3.0188,4.6691,2.0187,5.1518,2.9241,0.7069,1.3577,2.3065,1.9297
834,2.9575,4.6752,2.0852,5.1331,2.9002,0.7073,1.2698,2.3819,1.7845
836,3.0050,4.4179,2.0585,4.8405,2.7780,1.0194,1.1679,2.1993,1.8217
838,2.9204,4.4115,2.0365,4.6536,2.7654,0.9545,1.1739,2.2500,1.8946
840,2.8180,4.4624,1.9049,4.4940,2.6080,1.0313,1.1224,2.2445,1.8140
842,2.7944,4.5359,1.8532,4.2255,2.4230,1.0294,1.1007,2.2001,1.6765
844,2.8831,4.5000,1.9306,4.1861,2.2560,1.0310,1.1296,2.0772,1.6377
846,2.8569,4.4851,1.8309,4.1929,2.2489,0.9638,1.2154,2.0606,1.6305
848,2.9457,4.5355,1.7588,4.1430,2.2433,0.8902,1.2744,1.9662,1.6195
850,3.0067,4.5560,1.7527,4.1692,2.3388,0.9703,1.2829,1.9400,1.5314
852,3.0592,4.4950,1.6763,4.1358,2.2934,0.9435,1.3181,1.8567,1.4327
854,3.0599,4.4694,1.7662,4.0533,2.1716,0.9199,1.3350,1.7834,1.3581
856,3.0901,4.5352,1.7638,4.0356,2.0375,0.9429,1.3256,1.7337,1.3601
858,3.0972,4.2993,1.7900,3.8404,2.0139,0.9646,1.3167,1.7716,1.3224
860,3.0703,4.3379,1.7918,3.9086,1.9188,0.9318,1.3029,1.8253,1.2696
862,3.0158,4.3727,1.7323,3.9189,1.8468,1.0306,1.2036,1.8921,1.2140
864,2.9847,4.4436,1.7802,3.9905,1.7851,1.0540,1.2429,1.8139,1.2645
866,2.9017,4.5206,1.7251,4.0576,1.7747,1.0649,1.3088,1.8633,1.1800
868,2.9610,4.4159,1.6877,3.9810,1.8016,0.9885,1.3870,1.8919,1.2243
870,2.8629,4.3232,1.6474,3.8963,1.8525,0.9720,1.2860,1.9868,1.1998
872,2.7696,4.2638,1.6176,3.8679,1.7674,1.0666,1.3796,1.8713,1.2827
874,2.6079,4.1883,1.5503,3.6278,1.5979,0.9902,1.3461,1.7955,1.3131
876,2.6156,3.9920,1.5767,3.6230,1.5022,0.8914,1.3087,1.6940,1.2811
878,2.5431,3.9423,1.5157,3.5927,1.5492,0.8261,1.4069,1.6767,1.3252
880,2.5059,3.7871,1.5081,3.3983,1.5975,0.7977,1.4621,1.5813,1.2492
882,2.4236,3.7083,1.4872,3.3159,1.5459,0.8457,1.4901,1.4724,1.2009
884,10.5274,11.6157,9.5461,11.5959,10.2734,11.0880,13.5311,14.1201,9.8528
886,10.5643,11.0193,9.1615,11.5528,9.8385,10.6051,12.8430,13.3681,9.9140
888,10.6399,10.4058,9.1229,11.0198,9.4513,10.5244,12.2819,12.7431,9.9939
890,10.6556,9.9266,8.6807,10.9596,9.0299,10.0102,11.6252,12.7438,9.5001
892,10.2497,9.8368,8.3826,11.0021,8.6402,9.5053,11.0855,12.0572,9.4050
894,9.7841,9.8138,7.9095,10.4429,8.2210,9.5016,11.0296,11.5146,8.9241
896,9.2878,9.8908,7.4866,10.0285,8.0695,8.9889,10.5261,11.4924,8.5573
898,8.8852,9.4136,7.3135,10.0169,7.6419,8.4934,9.9655,11.4153,8.1933
900,8.3880,8.9769,7.2776,9.9207,7.3126,8.0278,9.8583,10.8518,7.8638
902,7.8808,8.5202,7.3618,9.9453,6.9115,7.5653,9.7649,10.2886,7.4914
904,7.8052,7.9987,7.0329,10.0083,6.5433,7.2105,9.2629,10.2124,7.1626
906,7.7590,8.0914,6.7142,10.0012,6.1180,6.7708,8.8048,10.1530,6.7415
908,7.6739,7.6697,6.4451,10.0005,5.7590,6.3625,8.4522,9.7298,6.7831
910,7.6290,7.3210,6.1790,9.5329,5.5721,6.0905,8.0604,9.2080,6.5408
912,7.5865,6.9091,5.9588,9.5135,5.3019,5.7109,7.7479,9.1560,6.3196
914,7.1784,6.9858,5.7025,9.0269,5.1532,5.4874,7.3425,8.7274,6.3186
916,7.1900,6.7205,5.3667,8.6588,5.0942,5.1073,7.0287,8.2499,6.2426
918,7.1301,6.4824,5.1477,8.7216,4.8013,4.7925,6.7048,8.1987,5.9095
920,7.1298,6.4399,4.8801,8.7174,4.6789,4.6015,6.2685,8.0996,5.7205
922,7.0418,6.4873,4.5641,8.7830,4.4913,4.3640,5.9426,7.6930,5.5037
924,6.9453,6.2589,4.4154,8.4833,4.3789,4.1541,5.7474,7.3429,5.3079
926,6.9534,6.0266,4.0840,8.1702,4.0706,4.1241,5.4615,7.0087,5.0993
928,6.5753,5.7638,3.9910,8.0890,3.8871,3.9902,5.2255,6.9271,4.8925
930,6.3186,5.4931,3.8037,7.8080,3.6286,4.0116,5.1161,6.5293,4.6032
932,6.3280,5.4791,3.5534,7.7597,3.6330,3.7796,4.9520,6.6084,4.4293
934,10.4273,12.6546,12.3472,10.8908,11.3898,9.6703,12.4315,14.2680,13.3948
936,12.0349,14.2005,10.1604,10.6158,12.3763,11.2761,11.2416,13.6958,13.9117
938,11.9537,13.4822,9.7882,10.6128,12.3331,10.7370,11.2022,13.7849,13.8891
940,13.6181,11.2488,13.5839,11.8345,13.9377,12.0701,14.0451,14.2902,11.7181
942,13.7118,10.7276,12.9779,11.8626,13.2697,11.4888,13.4609,14.2969,11.2397
944,13.1119,10.7706,12.3111,11.3382,12.6499,11.4128,12.8784,14.2059,10.6856
946,12.4599,10.1885,12.2762,10.8385,12.6923,10.8965,12.2558,14.1837,10.1601
948,11.9050,10.1859,11.6750,10.2137,12.0926,10.8261,11.5913,14.1708,9.6137
950,11.2136,9.6811,11.7708,10.1414,11.4383,10.3072,11.0061,13.4636,9.4547
952,11.2044,9.3131,11.2652,9.6823,10.8266,10.3243,10.5151,13.3868,9.4857
954,10.5791,9.3101,10.6191,9.3064,10.2596,10.2567,9.9426,13.3311,9.5651
956,9.9918,9.3510,10.0049,8.9723,9.8156,10.2239,9.9710,13.4193,9.5354
958,9.5869,9.4488,9.4248,8.6229,9.3031,10.2044,9.5690,13.4679,9.5086
960,9.0048,9.3651,9.0084,8.1354,8.7347,10.1206,9.0831,13.3706,9.1095
962,8.6341,9.4477,8.4936,7.7913,8.2335,10.2018,9.1195,12.6573,8.7111
964,8.2020,9.3667,8.0900,7.3072,7.7579,9.6596,8.7146,11.9726,8.7336
966,7.7159,9.4422,7.6515,7.0174,7.3897,9.7410,8.3707,11.9091,8.7029
968,7.4141,9.4791,7.2478,6.6020,7.0553,9.7921,7.9094,12.0062,8.7991
970,7.0017,9.4355,6.9474,6.2217,6.7819,9.8557,7.4948,12.0893,8.8225
972,6.6441,9.0043,6.8996,5.8922,6.3802,9.9133,7.1450,12.1098,8.4755
974,6.5482,8.4971,6.4786,5.6805,6.2833,9.4759,6.6976,12.1928,8.0973
976,6.1240,8.5906,6.2027,5.4323,5.9657,9.4412,6.3152,12.1684,8.1245
978,5.8021,8.5090,5.9255,5.1078,5.8889,8.9914,5.9095,12.1319,7.8351
980,5.7901,8.5387,5.6947,4.8373,5.5780,8.9549,5.6523,12.0955,7.8740
982,2.4765,2.6985,2.5573,5.9861,6.3229,6.5633,9.2311,10.0700,9.5440
984,2.3976,2.5236,2.6314,5.9430,6.3783,6.6116,9.9009,8.9778,11.5945
1,2.3922,2.4655,2.5247,5.7410,6.4485,6.2744,9.4834,8.5245,11.0232
3,2.2209,2.3301,2.4717,5.5001,6.2216,5.9393,9.1211,8.0681,10.5760
5,2.1634,2.4347,2.4710,5.1710,6.3647,5.6383,9.5913,7.6552,10.0305
7,2.1735,2.3915,2.3580,4.9422,6.4673,5.3979,9.6579,7.2215,9.5691
9,2.3594,2.1907,2.2176,4.7642,6.5104,5.0386,9.2376,6.8451,9.6507
1,2.4043,2.0082,2.6690,6.1099,6.4492,6.5785,9.1951,9.4381,10.3710
3,2.3658,2.7912,2.5530,6.7244,6.2322,6.6416,10.4974,12.0530,9.6275
5,2.3628,2.6411,2.5514,6.4563,6.2702,6.3661,10.0707,11.4115,9.0930
7,2.3854,2.6131,2.5538,6.1727,6.0544,6.4057,9.6009,10.0484,9.6174
9,2.2562,2.5453,2.4770,5.8159,5.7576,6.4149,9.1744,9.6303,9.9020
1,1.8602,2.4895,2.8144,6.1291,6.1814,6.4000,9.6234,10.6896,12.3508
3,2.2009,2.5935,2.5670,5.9511,5.9454,6.1690,9.7125,10.1548,11.7376
5,2.1846,2.4856,2.5187,6.2959,5.6308,5.8298,9.8226,9.7669,11.2604
7,2.0844,2.4106,2.3466,5.9470,5.4904,6.1132,9.8280,9.2552,10.7307
9,2.3722,2.3234,2.3538,5.6680,5.2201,6.3446,9.8316,9.7259,10.1762
1,2.8260,2.0707,1.9634,6.1724,6.4029,5.8579,9.9548,12.2541,9.9817
3,2.6756,2.1069,2.2422,5.8505,6.1232,6.1685,10.0768,10.0569,10.0839
5,2.6329,2.0688,2.4291,6.0928,5.9148,5.9182,9.9490,9.9774,10.0961
7,2.4875,1.9193,2.4874,6.3300,5.5583,5.7340,10.0651,9.5658,9.5920
9,2.4530,1.8252,2.4398,6.1463,5.3087,6.1701,9.9883,9.8495,9.7483
1,2.4444,2.0152,2.7106,6.4105,6.0672,5.8498,11.5829,9.2328,9.4898
3,2.4536,1.8493,2.5429,6.4742,6.2401,6.1256,11.1311,8.7981,9.0678
5,2.4969,1.7992,2.3483,6.4503,5.9978,5.8739,10.6759,9.3280,8.6488
7,2.4708,2.2380,2.4383,6.1350,6.2433,6.1018,9.9445,9.6423,8.2838
9,2.3654,2.2198,2.5688,6.1873,5.8917,5.7369,9.4097,9.8314,7.9506
1,2.2385,2.7149,2.2458,6.7668,6.3164,6.5485,9.9727,9.4814,9.9939
3,2.2592,2.7003,2.2386,6.5644,6.5061,6.2643,9.6208,9.1378,10.0623
5,2.4468,2.5961,2.1316,6.2783,6.5922,6.0876,9.2756,8.6469,9.9432
7,2.4330,2.5605,2.1216,6.0486,6.5636,5.7268,8.8668,8.2564,9.8949
9,2.2893,2.5959,2.0449,5.8643,6.5736,5.4072,8.5100,7.8188,9.9284
1,2.7667,2.2852,2.3848,5.8394,6.0958,6.2947,10.0186,9.9695,9.4861
3,2.7214,2.2178,2.2605,5.5049,5.7360,6.1166,9.6537,9.9188,9.0793
5,2.6472,2.4274,2.4587,5.3485,5.4218,6.3611,9.3040,9.8747,8.6755
7,2.4674,2.3374,2.3402,6.0203,5.1966,6.0927,8.7764,9.3016,9.3503
9,2.4122,2.1797,2.3245,5.7911,5.0103,6.3405,9.4350,8.8154,8.8334
1,2.2469,2.0295,2.3879,6.2100,6.0856,5.8683,9.9202,10.0490,9.6152
3,2.1071,1.9115,2.4858,6.0237,5.7564,5.6327,9.3968,9.6775,9.1731
5,1.9971,1.9563,2.4244,6.2083,5.4310,5.3654,9.6704,9.1599,8.7056
7,2.3069,2.2605,2.4544,5.9094,5.2629,6.0218,9.1764,8.6611,9.3947
9,2.1664,2.3154,2.4614,6.1412,5.1259,5.6912,8.6533,9.2042,8.9879
1,2.1331,2.5005,2.4538,5.8478,6.0935,6.1844,9.4996,9.9123,10.0841
3,2.0516,2.4898,2.3815,5.5202,5.7557,5.9106,9.0065,9.4710,9.6611
5,2.2199,2.3615,2.3931,6.0937,5.5921,5.6518,9.5298,9.0001,9.7447
7,2.2355,2.2887,2.4291,5.7799,6.0208,5.3653,9.7633,8.5299,9.3145
9,2.3353,2.3048,2.2966,5.5672,6.2040,5.0843,9.8638,8.1486,8.8746
1,2.6104,2.8664,2.7972,6.6573,6.5038,6.6491,9.3270,10.8204,9.1856
3,0.9902,1.8489,2.8188,3.8034,4.8632,5.7752,7.2037,8.0971,8.7220
5,0.8915,2.4082,2.8168,4.0400,5.0661,6.3041,8.7843,8.0178,8.7087
7,1.7529,2.3929,2.8246,3.9816,5.0317,6.4548,7.8958,7.6033,9.4525
9,2.1454,2.5097,2.5472,4.1696,5.0297,6.4363,7.4579,8.7787,9.7287
1,0.9098,2.3233,2.7489,5.2475,4.7029,6.3509,8.7432,8.0502,8.8351
3,1.0247,1.9126,2.8240,5.2576,4.8750,5.6643,7.1601,8.1044,8.8805
5,1.1176,1.7606,2.8610,5.0284,4.6933,6.0934,8.9316,8.2125,8.6358
7,1.9813,1.8767,3.1024,5.6770,4.5198,5.6360,8.5527,7.8172,9.3152
9,2.3171,1.9101,3.0974,6.0490,4.5630,5.4456,9.1012,7.3735,9.6725
1,1.0656,1.9661,2.9640,5.2345,4.8202,5.7007,7.2138,7.9884,8.8133
3,1.8942,2.2221,2.9302,4.9933,4.6365,6.4302,7.5017,9.2643,8.4463
5,1.8882,2.1537,2.4178,4.3260,5.4815,5.9794,9.0002,8.9667,8.2435
7,1.7945,2.0737,2.3850,3.7964,5.0743,5.9945,9.3880,8.5556,7.9285
9,1.7656,1.9349,2.2954,3.7071,5.3922,5.2069,8.8260,9.2885,7.4730
1,0.9844,1.9463,2.8714,3.8569,4.7561,5.6259,7.1942,8.0467,8.6239
3,1.7809,2.2108,2.6273,4.1799,6.0276,5.9217,8.8519,9.2282,8.1756
5,1.7209,2.4301,2.4873,4.0925,6.2767,6.7492,8.5445,9.6625,8.2309
7,1.7840,2.2800,2.3576,3.9089,6.7728,7.2911,8.2646,9.8694,8.2175
9,1.6561,2.0741,2.0669,5.7256,6.5219,7.0935,7.7951,8.9385,7.9368
1,1.0829,1.9883,2.8260,3.8712,4.7490,5.6781,7.1362,7.8967,8.8466
3,1.0851,2.3652,3.0194,5.3132,5.0903,6.1404,7.1572,7.6472,8.3251
5,1.1258,2.3852,3.1045,5.9934,5.1180,6.3723,7.3046,8.9148,8.0117
7,1.1680,2.3045,3.0136,6.1957,5.2996,6.4686,7.5145,8.1217,7.9604
9,1.0742,2.2515,2.2901,5.8783,5.2178,6.4877,6.9017,7.4003,8.0788
1,1.0272,1.8649,2.6890,3.9075,4.8291,5.8156,7.3531,8.0876,8.6336
3,1.3219,1.8222,2.4937,3.9170,4.7258,5.7167,8.8226,8.0421,8.4100
5,1.4069,2.2305,2.3797,5.5038,4.7850,5.6678,8.4388,7.6212,8.1791
7,1.2960,2.1538,2.4466,5.2019,5.7925,5.4743,8.3564,8.9282,8.1662
9,1.2639,1.8994,2.4230,4.9224,6.0332,5.2425,8.0890,9.4141,8.0933
1,1.0585,2.3335,2.8880,3.9317,4.8783,6.2421,7.2264,7.9815,8.8964
3,1.8802,2.1797,2.7898,3.7826,4.8296,6.3268,7.4027,7.7392,8.3985
5,2.1549,2.1604,2.7621,3.8625,4.9771,6.3819,7.6013,9.0619,8.2874
7,1.9768,2.0991,2.4438,3.5541,5.3867,5.6391,9.1114,8.6847,8.0870
9,1.8616,2.3466,2.3860,3.8402,5.2520,6.0938,8.4934,8.2509,9.0939
1,1.6825,2.2603,2.8710,3.9031,4.7744,6.1416,8.7771,9.1894,8.9492
3,1.5884,2.0834,2.6512,3.9986,4.7433,5.8939,9.2284,8.4395,8.5297
5,2.1090,2.0253,2.5867,5.4085,4.6897,5.9031,8.8771,7.9026,9.3500
7,1.9584,2.3374,2.3668,5.0691,4.5457,6.2060,8.4025,9.0976,9.0153
9,1.9493,2.4749,2.3053,5.4161,4.3544,5.9879,8.1297,9.5950,9.4298
1,0.9933,2.2869,2.6608,3.9577,5.7187,5.7994,8.8176,8.0130,8.8781
3,1.0938,2.4372,2.6178,3.8471,6.0533,5.6080,9.3761,7.5994,8.4671
5,1.2708,2.5294,2.6701,4.3338,6.1993,5.5202,9.7943,7.4905,8.3451
7,1.3591,2.7462,2.7032,4.3939,6.3394,5.3160,9.7640,8.6998,9.0813
9,1.3009,2.8288,2.7904,4.2145,5.9584,5.8629,9.8144,8.2365,8.5805
1,1.0101,1.8871,2.8669,3.7364,4.7256,5.6995,7.1321,8.0284,8.8956
3,1.3028,2.0285,2.5980,5.4339,4.7813,6.2016,7.1547,8.8742,8.6151
5,1.2325,1.8504,2.4965,6.1750,5.1972,6.3787,6.9547,8.8404,8.1188
7,1.3031,1.6813,2.2387,5.9196,5.3033,6.4983,9.6245,9.2229,8.1606
9,1.3034,1.6818,2.2750,6.1163,5.1533,6.5672,9.0813,9.4967,7.9507
1,1.1103,2.2997,2.9872,3.8023,5.7305,6.3182,8.8442,7.9013,8.9010
3,1.0108,2.3880,3.7361,4.2442,5.4020,6.0848,8.4536,7.5326,8.4089
5,2.1484,2.8484,3.6368,4.1300,5.2137,5.9224,8.4726,8.8875,8.2960
7,2.0607,2.8865,3.6481,4.0196,5.8401,5.6183,8.0417,9.3662,8.0380
9,2.0443,2.9584,3.1275,4.0126,6.2321,5.3466,7.1694,8.4610,7.9572
1,1.7893,2.0218,2.9702,3.9274,4.7462,6.2742,7.2650,7.8901,8.9090
3,1.8549,2.1430,2.8971,4.4687,5.0255,6.1230,6.9811,7.4238,8.5317
5,1.8825,2.1689,2.7048,4.6414,5.7685,5.8218,10.0745,6.5934,7.8916
7,2.1988,2.3344,2.6824,4.7130,5.4307,6.1552,9.9170,9.6155,9.1416
9,2.1575,2.3158,2.5844,4.6815,6.0244,5.8704,9.5295,9.2384,9.7627
1,1.0857,1.7711,1.3563,1.3653,1.9818,2.1693,1.8618,2.2341,2.3507,2.3362,2.5416,2.7191,2.6794,3.0488,3.1027,3.0008,2.9802,3.6525,3.8363,3.9184,4.1489,4.2895,4.3607,5.5857,4.7185,5.7277,5.9513,5.1462,5.3957,5.5748,6.2656,6.3789,6.2897,6.4435,6.3442,6.5152,9.5085,8.8048,7.3532,7.4701,8.8978,9.0258,7.8409,8.0529,8.0805,8.1900,9.3930,9.5215,8.6374,9.5661,9.6824,9.6569,9.7732,9.2853,9.4687
3,1.1227,1.7320,1.6203,1.6296,2.2534,2.0469,1.8195,2.1389,2.2511,2.3927,2.5266,2.7040,2.6908,2.9780,2.8945,2.9448,2.8327,3.4104,3.6393,3.8040,3.9510,4.1454,4.2816,5.2412,4.5178,5.5023,5.4328,4.9822,5.2148,5.2147,5.9669,6.1100,6.0334,6.2241,6.0330,6.4839,9.0142,8.4037,7.2488,7.4967,8.1042,8.2740,7.5008,7.7123,7.6206,9.0399,8.7217,8.9864,8.5406,9.1095,9.2057,9.1487,9.2464,8.8731,8.9713
5,1.2270,1.6036,1.5865,1.6618,2.0985,2.0673,2.2293,2.0372,2.0747,2.2901,2.4707,2.6398,2.6553,2.8355,2.8169,2.8146,2.8084,3.1745,3.4616,3.5670,3.6968,4.0540,4.2015,4.8402,4.3728,5.2152,5.1045,4.7695,4.9081,5.0695,5.6244,5.8602,5.7448,5.8528,5.8650,6.6253,8.5091,8.1579,7.4981,7.5991,7.9875,8.2428,7.4944,7.7964,7.8172,8.6153,8.5346,8.8284,8.4416,8.9641,8.9779,8.8810,9.6861,8.6057,8.5464
7,1.2806,1.9974,1.6399,1.6666,2.2156,2.3549,2.0999,2.3296,1.9463,2.0889,2.4267,2.5401,2.5012,2.6593,2.6980,2.7691,2.7375,3.0213,5.9170,3.4018,3.6147,3.9656,3.9871,4.6772,4.2287,5.0589,4.8693,4.5109,4.7894,4.8295,5.2408,6.0743,5.4746,5.4955,5.8306,6.5879,8.3982,8.0212,7.5396,7.7090,7.8627,8.0556,7.7482,7.8565,7.8700,8.5166,9.3488,8.5860,8.3896,8.6214,8.6431,8.7460,9.2897,8.5112,8.2743
9,1.4171,2.2454,1.7611,1.8455,2.2742,2.3174,2.1695,2.3272,2.0800,2.1516,2.3332,2.4155,2.4386,2.5902,2.6014,2.7403,2.6979,2.9010,5.5453,5.7444,3.4316,3.8469,3.9784,4.5317,4.0037,4.7879,5.6628,4.4172,4.5598,4.7911,5.1646,6.3030,5.2519,5.9405,5.6797,6.4330,8.2011,9.1282,7.6195,7.6294,9.1311,9.2201,7.7680,7.9239,8.1051,8.3709,9.6599,9.4541,8.3637,8.5351,8.3716,9.5418,9.6951,8.2893,7.8992
1,1.0320,1.0944,1.2651,1.5247,1.5778,1.7097,2.0127,2.0567,2.1672,2.3080,2.6273,2.7877,2.8206,2.9506,3.1501,3.3459,3.4025,3.6291,5.2301,4.0356,4.1235,4.2004,4.3559,4.5654,4.6741,4.8847,5.0770,5.2071,5.4187,6.1672,5.7135,6.3162,6.0540,6.1801,6.3359,6.5646,9.4578,7.1579,7.4402,7.4725,7.4473,7.6817,7.8233,8.0496,8.2016,8.2585,8.3986,8.3916,8.6256,8.6862,8.8074,8.9845,9.0359,9.2617,9.3012
3,1.0526,1.1689,1.2952,1.5729,1.6173,1.6533,2.2439,2.0705,2.0139,2.1931,2.4576,2.5616,2.7689,2.7928,3.0848,3.2139,3.2904,3.3924,5.5770,3.9151,5.3128,3.9811,4.1282,4.4761,4.4757,4.6735,5.7912,5.0511,5.1932,5.8130,5.4596,6.0983,5.8293,5.9745,6.1070,6.5138,9.0391,7.1786,7.6492,7.4207,7.5969,7.6150,9.1781,8.1035,8.2452,8.2687,8.3404,8.1959,9.5554,9.3624,8.5673,8.6098,8.6952,9.0116,8.8290
5,1.0318,1.1042,1.3734,1.5352,1.7513,1.8168,2.4416,2.3546,2.0426,2.0952,2.2054,2.6062,2.6317,2.8104,3.0389,3.1892,2.9847,3.1248,5.9383,3.9921,5.9683,3.8805,5.3253,5.4936,5.5470,5.5370,4.9425,4.8340,4.9679,5.4566,5.2243,5.7439,6.1669,5.6917,5.9004,6.4543,8.8122,7.2935,7.5970,7.5534,8.9946,7.4867,9.5210,9.1744,8.2003,8.0972,9.3462,8.5204,9.7582,9.8411,9.6327,9.5675,8.5733,8.6363,8.4127
7,1.1001,1.0012,1.3359,1.5153,1.8313,2.0559,2.4273,2.1898,2.4115,2.1552,2.0775,2.4859,2.5966,2.7827,2.9207,2.9627,2.8542,3.0861,6.1828,4.2178,6.2945,4.1368,5.2473,5.1443,6.1218,5.3365,4.9963,4.8824,4.8389,5.1881,5.0541,5.3884,5.8880,5.5326,5.5873,6.1027,8.0354,6.9985,7.3009,8.8299,8.5947,7.4842,9.0489,8.6813,8.0038,7.6996,8.8861,8.4911,9.2011,9.3829,9.2026,9.2038,8.5658,8.4799,8.2513
9,1.1201,0.8950,1.4906,1.6037,1.9676,2.1014,2.4291,2.2369,2.3769,2.1635,2.0005,2.3625,2.4310,2.7392,2.8252,2.8359,2.6656,2.7672,5.8877,4.2332,5.9838,4.2779,5.0798,5.0282,5.8994,5.1225,4.8222,4.6549,4.7280,4.8224,4.8891,5.1005,5.4424,5.3335,5.3768,5.8098,7.4061,10.0814,7.1197,8.4021,8.2935,7.4651,8.5987,8.1968,7.6619,7.4934,8.5320,8.2590,8.8156,8.9000,8.7716,8.8121,8.3366,8.1633,7.9449
1,1.7555,1.0594,1.2274,1.3810,2.1319,2.1314,1.8927,2.0630,2.3365,2.5718,2.6041,2.6099,2.6390,3.1121,2.9684,3.0092,3.4866,3.5448,5.3088,5.2710,4.1477,4.3260,4.4731,5.5911,4.7307,4.8479,4.9443,5.2418,5.4264,5.4668,6.1920,6.2129,5.9668,6.2104,6.4765,6.5233,9.5807,8.7853,7.3240,8.8939,8.9705,7.6827,9.0172,7.9659,8.0320,8.2716,9.4644,9.4852,8.7642,8.8667,8.7141,8.9623,9.0587,9.3838,9.4837
3,2.1940,1.1084,1.4638,1.3431,2.1598,1.9654,1.9178,2.1046,2.3759,2.5217,2.4713,2.5972,2.5577,3.0141,2.8294,2.8283,3.3337,3.4803,5.8807,5.7991,5.3357,4.3008,5.5864,5.9523,4.6104,5.7606,4.7174,5.0463,5.3838,5.4200,6.2759,6.2939,6.2479,6.2691,6.2348,6.5229,9.0624,9.3764,8.8661,8.3985,9.4232,7.4262,8.5718,7.8115,8.9565,8.0174,9.6683,9.7267,8.3449,8.5478,8.4116,8.6160,8.5687,8.9892,9.0628
5,2.2798,1.4646,1.4948,1.4140,1.9432,2.3198,1.9706,1.9470,2.3531,2.4015,2.3980,2.4995,2.4388,2.9200,2.7280,2.6606,3.0597,2.9561,6.0335,4.9900,5.1710,4.4499,5.3751,6.1611,4.5405,5.4847,5.6681,5.8728,5.9642,5.2499,6.3265,6.4665,5.9461,6.0784,5.8777,6.3592,8.3539,9.6129,8.4293,7.9943,8.9774,7.3178,9.2456,7.5814,9.4550,7.7817,9.9199,9.7255,8.0533,8.1628,8.0489,8.2679,8.1054,8.5066,8.6955
7,2.1651,1.4752,1.5621,1.6431,1.9779,2.4959,2.0746,1.9708,2.3191,2.3351,2.2373,2.4928,2.5269,2.8082,2.6604,2.6125,2.8938,2.8994,6.3362,4.5317,5.0017,4.4705,5.1344,5.8589,4.5772,5.2398,5.3447,6.1060,5.6500,5.0040,6.2780,6.4325,6.1883,5.7308,5.5994,6.1539,8.0305,9.1983,9.3479,7.6298,8.6296,7.2834,8.5312,7.2653,8.9638,7.9968,9.3865,9.3624,8.0515,7.8824,7.6867,7.9021,7.6757,8.0343,8.2502
9,2.0043,1.5395,1.5403,1.7191,2.0339,2.3160,2.1519,1.9857,2.2727,2.4219,2.0980,2.3648,2.5884,2.6971,2.6273,2.5681,2.7240,2.6865,6.0050,5.3757,5.6812,4.2164,4.8315,5.3623,4.4146,4.9932,5.0085,5.5327,5.3593,4.7409,5.9472,5.8882,5.9383,5.5601,5.3506,5.8447,8.1612,8.8696,8.8379,7.7529,8.4166,7.3717,8.2544,7.2215,8.6018,8.2517,9.0388,8.9727,8.2348,9.1222,7.7661,7.8118,7.8519,7.8834,7.9019
1,1.0469,1.8635,1.3570,1.4928,1.6044,2.1619,1.8254,2.0853,2.2292,2.4801,2.6155,2.7673,2.8769,2.9302,3.1628,3.2259,3.4381,3.0902,3.7164,5.3998,5.3336,4.1627,4.4971,4.6617,4.7965,4.9140,5.0723,5.1461,6.1114,5.4683,6.1671,5.7233,5.9299,6.1396,6.5534,6.4290,9.1834,8.7201,8.8820,8.9768,7.6241,7.7504,7.8195,7.8219,8.1107,8.3346,8.3130,8.5681,9.4367,8.9151,8.8426,8.9115,9.7451,9.2321,9.3881
3,1.0793,2.1885,1.4996,1.4226,2.1052,2.3578,2.2061,2.0937,2.2458,2.4037,2.4168,2.7368,2.7367,2.8222,3.0420,3.1669,2.8487,2.7427,5.0831,5.9596,4.9724,4.2436,5.4185,5.5852,5.6970,4.6731,5.0692,4.9727,6.2163,5.3486,6.2453,5.5244,5.8054,5.9442,6.5290,6.2997,8.3690,9.4456,8.4677,8.6286,7.4988,7.3722,7.4001,7.5588,7.7959,7.9976,7.9075,8.3570,9.7320,8.4724,8.4866,8.5050,9.7054,9.5404,8.9849
5,1.9023,2.3608,1.6792,1.5751,2.2179,2.4336,2.4465,2.2206,2.3441,2.2246,2.3914,2.6407,2.6787,2.5949,2.9082,3.0818,2.8002,2.6622,4.9154,6.2836,5.0527,4.7244,5.1493,5.9899,6.0599,4.6282,5.0710,5.0294,6.3384,5.4547,6.2898,5.4467,5.6715,5.7496,6.5387,6.0387,8.3909,9.7528,8.4263,9.3532,7.6291,7.4752,7.5393,7.5890,9.2045,8.1011,9.2974,8.3462,9.7716,8.4424,8.5337,8.6144,9.7884,9.7191,8.8471
7,1.9184,2.4672,1.7449,1.8633,2.2991,2.4309,2.3223,2.0885,2.2783,2.1390,2.3749,2.5249,2.5246,2.5872,2.8288,2.9449,2.9848,2.6666,4.7279,6.0219,4.9459,4.7950,5.0108,5.5754,5.5940,4.7002,4.9467,4.9239,5.9851,5.4400,6.0855,5.3204,5.4262,6.0397,6.2626,5.7396,8.6483,9.2044,9.6232,9.0539,8.0200,7.4230,7.3294,7.3659,8.6141,7.7860,8.9200,8.0960,9.2430,8.1954,8.3716,8.7021,9.3062,9.3590,8.6461
9,1.9938,2.5777,1.8970,2.0001,2.1761,2.3463,2.3439,1.9429,2.2491,2.0194,2.2237,2.3473,2.3448,2.5139,2.6654,2.8246,2.7177,2.9202,4.6614,5.6972,4.7586,4.5492,4.8194,5.1963,6.0359,4.6479,4.8368,4.9411,5.7222,5.3675,5.9147,5.2406,5.3124,5.7854,6.2378,6.9955,8.4655,9.6402,9.7897,9.4861,7.9384,7.2961,7.2319,7.0256,8.0568,7.5514,8.5691,7.8556,9.5245,8.0531,7.9828,8.2871,9.6788,8.9742,8.3695
1,1.0498,1.1432,1.2912,1.4438,1.5529,1.8310,1.9354,2.0192,2.2909,2.2992,2.5762,2.7411,2.9239,2.9602,2.8690,3.3645,3.4897,3.5744,3.8659,3.8404,4.0692,4.2211,4.4074,4.4924,4.7108,4.9505,5.0864,5.2228,5.2532,5.5215,5.5585,5.7127,5.9697,6.0638,6.2551,6.4755,9.5174,7.1098,7.3296,7.4742,7.4644,7.6574,7.7446,7.8622,8.2143,8.2840,8.4135,8.4180,8.4560,8.7722,9.6688,9.0303,9.1332,9.8362,9.3896
3,1.8721,1.0798,1.3549,1.9016,1.6030,1.8286,1.8726,2.2505,2.1844,2.2195,2.5345,2.5473,2.6801,2.8223,2.7772,3.2507,3.4058,3.4699,3.6645,3.6770,5.3643,4.1046,5.5253,4.2662,4.5021,4.7445,5.7156,4.9589,4.9512,5.9118,5.3299,5.3754,6.1571,5.8867,6.0748,6.1982,8.9134,8.7376,8.8987,7.5730,7.6262,9.0736,9.1162,7.8323,8.0666,8.1169,9.3115,8.4067,9.3266,8.6572,9.7838,8.8270,8.9022,10.0173,9.0221
5,2.1362,1.3522,1.5522,1.7468,1.6022,1.7646,1.7319,2.3234,2.2879,2.1238,2.4295,2.5242,2.5445,2.7286,2.7536,2.8992,3.2244,3.2960,3.7474,3.5958,5.1172,3.9079,5.3242,4.1973,4.6378,4.7750,6.1479,4.9811,4.9623,5.3507,5.2289,5.9140,5.8415,5.6291,5.8831,6.2605,8.1938,8.2733,8.4359,7.6580,9.2497,8.6763,8.7382,7.7837,8.0048,7.8446,8.6695,8.0371,8.9093,8.2544,9.1302,8.7489,8.6969,9.6055,8.8415
7,2.3702,1.5378,1.5636,2.1826,1.5990,2.2225,1.6221,2.1472,2.0914,2.1524,2.4008,2.3706,2.4260,2.6909,2.7209,2.8360,3.0359,3.1871,3.6044,3.5089,4.8199,3.8136,5.0032,4.1915,5.6385,5.0595,6.2932,5.0700,5.1693,5.1863,5.1565,5.6055,6.1499,5.4208,5.5703,6.2804,7.7809,8.1270,9.3257,8.0089,9.5982,8.4013,8.5471,8.0906,8.1277,7.8652,9.4620,8.0367,9.5071,8.0607,8.8493,8.6898,8.5684,9.3039,8.6390
9,2.4047,1.6112,1.7815,2.2857,1.7420,2.0693,1.7422,2.2272,1.9673,2.2341,2.3674,2.3596,2.3839,2.4461,2.6632,2.7770,2.8185,3.0391,3.4429,3.4411,4.5664,3.9180,4.8579,4.6743,6.1187,4.9267,6.4933,4.8961,5.0813,5.8777,5.1461,5.5692,6.3640,5.3094,5.5455,6.4732,7.4623,9.0323,8.9504,8.0321,9.7254,8.1484,9.2487,7.9421,7.9690,7.9955,9.6875,8.1451,9.6256,8.0097,9.4540,8.4174,8.3173,8.7957,8.4585
1,0.8920,1.1036,1.3567,1.4301,1.5773,1.7786,1.9135,2.0355,2.1651,2.4351,2.4496,2.5926,2.8614,2.9071,3.1793,3.2681,3.5369,3.5246,5.3022,3.9425,4.1411,4.2888,4.3494,4.4776,4.6996,4.7570,4.9816,5.1249,5.4072,5.5248,5.6779,5.7394,5.8722,6.0659,6.1679,6.3339,9.4444,7.0395,7.2795,7.3595,7.4684,7.7071,7.7026,7.9815,8.2133,8.1476,8.3039,8.5090,8.6642,8.8345,8.9041,9.0649,9.2986,9.3449,9.3935
3,0.8954,1.1394,1.3701,2.0034,1.6099,1.7482,1.9281,2.0436,2.0442,2.4307,2.4319,2.6122,2.8409,2.6499,3.0637,3.1060,3.4700,3.1964,4.9978,3.8869,4.0361,5.4824,4.2063,5.5827,5.6749,4.5360,4.7213,5.9100,5.9307,5.2129,5.4852,6.1343,6.2219,5.8439,5.8233,6.0857,8.8847,7.2109,8.8721,7.5034,8.8724,7.6259,7.7319,9.0688,8.0499,7.9942,9.3598,9.3298,9.3721,8.4308,8.7534,9.6957,9.6694,9.0981,8.9914
5,0.8960,1.2148,1.4235,2.2998,2.0223,1.8472,2.2794,2.0703,2.1663,2.3530,2.2622,2.6304,2.6941,2.5488,2.7385,2.9075,3.3450,2.7877,4.6202,4.2248,4.2028,6.0107,4.4183,5.2132,6.1568,4.4459,5.8898,6.1425,6.1993,5.0982,5.5111,5.7903,5.8973,5.6843,5.5707,5.8223,8.3624,7.0584,8.5045,7.5062,8.5380,7.6308,7.7013,8.5833,7.8010,7.9852,9.7184,9.6841,9.7766,8.6430,8.7924,9.8391,9.8059,8.8179,8.8724
7,0.8975,1.3929,1.5728,2.3876,1.9306,1.8984,2.3500,2.0566,2.0196,2.3132,2.2069,2.4391,2.5952,2.4465,2.6645,2.6624,3.2589,2.7645,4.4699,4.2623,5.4872,6.1744,4.5339,5.0721,6.2334,4.2097,5.5446,5.8178,6.2832,5.0929,5.3890,5.5057,5.5615,5.5483,5.5154,5.7900,7.9402,6.9785,8.1382,7.2585,8.1162,7.5536,7.3825,9.1955,7.7089,8.1052,9.8293,9.8734,9.8724,8.5622,8.5278,9.8299,9.9434,9.4181,8.6408
9,0.9479,2.0935,2.0680,2.4592,1.9478,2.0008,2.3093,2.0600,1.9289,2.1590,2.1112,2.2844,2.4772,2.3602,2.6108,2.4838,3.0616,2.7218,5.3168,4.3579,5.3422,5.8910,4.6190,4.9246,5.9552,4.4731,5.4756,5.6867,6.0919,5.1687,5.3586,5.1882,5.2207,5.2250,5.3661,5.7467,7.7969,9.4366,7.6686,7.1780,7.8111,7.6538,8.8905,9.6631,7.6560,8.1522,9.9814,9.4098,9.9832,8.5251,8.4005,9.9740,9.5065,8.9823,8.4974
1,1.0170,1.7582,1.2749,2.0742,1.5535,2.2352,1.9524,2.0449,2.3926,2.4558,2.4695,2.7009,2.7796,2.7718,2.9752,2.9354,3.1244,3.5382,3.7337,3.8700,4.1264,5.4026,5.4506,4.5025,4.7090,4.7968,5.8125,5.1113,5.3358,6.0683,6.1277,5.9010,5.9418,6.0362,6.2429,6.5193,9.5228,7.3128,7.1674,7.4470,8.9959,7.6962,7.9450,8.0834,9.2256,8.1144,8.2080,8.4514,8.5740,9.5206,8.8567,8.9664,9.2199,9.7585,9.4322
3,0.9611,1.5895,1.3007,2.3563,1.5419,2.2284,1.9548,2.2094,2.4862,2.3857,2.4683,2.6218,2.4609,2.5582,2.9093,2.7903,2.7299,3.2597,3.4110,5.0697,4.2694,5.1961,5.2548,4.6375,4.6812,5.6570,5.3850,5.2540,5.2241,6.3684,5.7219,5.6416,5.6304,5.8439,5.9509,6.2634,8.8119,7.0230,6.8396,7.1793,8.2425,7.4952,7.9628,7.9584,8.7213,7.9437,8.1301,8.1262,8.1393,8.8089,8.5341,8.7211,8.8865,9.2975,8.9755
5,1.0209,2.0945,1.9586,2.3684,1.7611,2.0636,2.3426,2.2918,2.5643,2.3369,2.5373,2.5401,2.3726,2.4845,2.7146,2.6839,2.5678,3.1110,6.1462,4.5774,4.3740,5.7949,5.9558,4.5624,5.6139,5.3611,5.8141,5.4657,5.2518,6.3704,6.2325,5.6668,5.4315,6.1071,6.1632,6.5975,8.5040,8.7723,9.6380,7.5144,8.2062,7.6514,8.1634,8.0178,9.5505,9.2832,8.1828,8.0651,8.1645,9.5280,8.5263,8.4500,8.7834,9.0849,8.5839
7,1.3922,2.0600,1.8326,2.4829,1.8796,2.0339,2.1918,2.3387,2.5594,2.2344,2.3914,2.4850,2.2385,2.4000,2.6436,2.4813,2.5242,2.9593,5.5835,3.9412,4.4379,5.2528,6.2569,4.4365,5.3851,5.1323,5.3850,5.2792,5.2361,5.9943,5.9853,5.5300,5.2819,5.7431,6.0125,6.6088,8.1377,8.3605,9.2608,7.4926,7.9010,7.4154,7.9508,7.8261,9.8391,9.6457,8.1355,8.0963,7.9418,9.6594,8.0552,8.1258,8.3670,9.5878,8.3044
9,1.4901,1.9878,1.8830,2.3702,1.8817,1.9424,2.1459,2.2963,2.4035,2.1405,2.2968,2.4210,2.2525,2.2887,2.4948,2.3162,2.4072,2.8377,4.5532,3.6535,4.2027,4.8056,6.0106,4.4060,5.1974,4.8297,5.0523,5.0880,5.9838,5.8106,5.7751,5.2648,5.2142,5.4747,5.8991,6.7041,8.0395,8.2430,8.8604,7.5619,7.9510,7.6194,8.0516,8.3066,9.3723,9.2420,8.2565,8.2040,8.0760,9.2455,8.2623,8.4345,8.3465,9.1214,7.8601
1,0.9337,1.1142,1.3708,1.3870,1.6498,1.6884,1.8252,2.1403,2.4712,2.4078,2.6055,2.6854,2.7880,2.9678,3.0995,2.9091,3.3973,3.6313,3.8605,5.2909,5.3994,4.1848,4.3534,5.6669,4.7159,4.7800,5.0417,5.1193,5.4159,5.5859,5.6106,5.7545,6.0141,6.2089,6.3227,6.4136,9.4930,7.1444,7.2545,7.4486,7.6092,7.7003,7.7028,7.9415,8.2140,8.1157,8.4477,8.4782,8.5632,8.6178,8.8316,9.7366,9.2552,9.1667,9.3394
3,1.0794,1.1829,1.3619,1.4034,1.5249,1.6731,1.8168,2.0549,2.3196,2.2667,2.5787,2.6395,2.5870,2.7775,3.0726,2.8632,3.3378,3.4340,3.7420,4.8687,5.1419,4.0852,5.5440,5.4140,4.5557,5.7388,4.8357,4.9345,5.1885,5.2605,5.3184,5.5674,6.3547,5.8912,6.0079,6.5401,9.0076,7.4587,8.8062,7.5360,7.5835,7.7888,7.7307,7.9856,8.1608,9.1668,8.3534,8.3137,8.2959,8.3413,8.6385,9.3257,8.8178,8.9768,8.9107
5,0.9967,1.8783,1.9935,1.2283,1.4855,1.5575,1.8977,1.9337,2.3491,2.1871,2.4040,2.4676,2.5385,2.8351,3.0127,2.8513,3.1260,3.3622,5.0551,4.2530,4.6585,3.9817,5.9160,5.1474,4.8049,5.4623,4.8250,5.0158,5.0604,4.9457,5.3860,6.1298,6.5266,5.8753,6.2262,6.6000,8.5524,8.9116,9.4502,7.8418,7.8872,9.0684,7.7938,8.0133,8.0424,8.6649,8.1796,8.2024,8.1395,8.2715,8.4442,9.7443,9.3881,8.7189,8.5506
7,1.4896,2.2184,2.1572,1.6621,1.5270,2.0899,1.6684,1.8553,2.3402,2.2056,2.2408,2.3559,2.5086,2.7164,2.8099,2.9331,3.0811,3.1940,5.3950,3.8500,4.1604,5.2697,5.8614,4.9216,4.7450,5.2566,4.7191,4.9534,4.8262,5.0040,6.1564,6.3144,6.5864,5.8642,5.8941,6.4668,7.7581,8.3247,8.9360,7.8931,7.9827,9.5769,7.8560,7.9424,7.7124,8.1666,7.8939,7.8394,7.8206,8.0390,8.3945,9.1372,9.6718,8.6426,8.5802
9,1.6476,2.4262,2.2900,2.2658,1.9885,1.9488,1.7691,1.8628,2.4216,2.3028,2.4044,2.2687,2.5104,2.6761,2.6724,2.7996,3.0536,2.7966,5.8613,5.3066,4.5164,5.7935,6.0813,4.7463,5.6860,5.1394,4.6893,4.7231,4.8487,5.1814,5.9312,6.0532,6.6407,5.6850,5.6248,6.4985,7.5451,8.3094,9.6575,8.1357,8.0886,9.7965,8.0646,9.1538,7.7926,8.1410,9.1188,7.9151,7.8902,8.0889,8.4967,8.9204,9.8340,8.6059,8.5109
1,0.9069,1.7604,1.2854,1.4168,1.9877,2.1425,1.8301,2.0579,2.2916,2.2998,2.5544,2.7725,2.8230,3.1041,3.1192,3.3618,3.5789,3.6437,5.1225,5.2558,4.1627,4.1815,4.4014,4.4831,5.6174,5.7069,5.0101,5.8948,6.1037,5.5055,6.3050,6.3015,5.9099,6.4324,6.5905,6.6811,9.9720,8.6801,7.1872,8.9406,7.5118,7.5778,9.0729,7.8947,7.9399,9.2615,9.4719,9.5510,8.7121,8.7101,8.9233,8.9590,9.1419,9.2403,9.3007
3,1.0039,1.6379,1.3279,1.5473,2.2122,2.4187,1.8418,1.9281,2.2610,2.4648,2.5977,2.7529,2.6143,3.0316,2.7700,3.1992,3.4969,3.8255,4.8571,4.9899,4.2376,4.0591,4.4523,4.4059,6.0776,5.3687,4.9040,5.5728,6.2266,5.4153,5.9686,5.9300,5.7431,6.0969,6.2827,6.3992,9.3892,8.1558,7.4310,9.4210,7.2017,7.4570,8.5056,7.6404,7.7594,8.8536,9.0008,9.0774,8.3471,8.4298,8.4945,8.5356,8.6855,8.7388,8.8392
5,1.0006,1.5070,1.1978,1.5276,2.0264,2.4076,1.9352,1.9955,2.2672,2.3405,2.5795,2.7061,2.5892,2.8648,2.5365,2.9139,3.3807,3.8495,4.7382,4.7981,4.1611,3.8663,4.4130,4.4308,6.3512,5.1586,4.7775,5.3698,6.0100,5.4039,5.6181,5.7235,5.4204,5.7308,5.9135,6.0508,9.1182,7.9754,7.4618,8.5990,7.3358,7.4709,8.2329,9.0774,7.8207,8.5724,8.6102,8.8742,8.3098,8.1751,8.3455,8.2919,8.4437,8.3571,8.5031
7,1.1073,1.5151,1.2703,1.4913,1.8937,2.1579,1.8716,1.9676,2.4110,2.3345,2.5441,2.6081,2.4104,2.7641,2.5245,2.6532,2.9141,3.6531,4.5574,5.7327,5.4615,3.7187,4.4071,4.5256,6.1285,5.0454,4.6822,5.2427,6.2928,5.1657,6.0139,5.3747,5.3128,6.1519,6.2471,6.2535,8.8593,9.1167,7.5965,9.3682,8.8763,7.7035,8.1526,8.8563,7.8751,8.4215,8.5572,8.5840,8.0706,7.9495,8.1447,8.0457,8.4059,8.2320,8.1828
9,1.2148,1.5763,1.2059,1.3822,1.7685,2.1040,1.8460,2.2932,2.2774,2.3623,2.4399,2.5689,2.3712,2.5416,2.5358,2.5740,3.0248,3.8405,5.5011,6.0711,4.9869,5.4225,4.4673,4.6565,5.9321,5.0094,4.7973,5.8296,5.9510,5.8527,5.6824,5.3191,5.3384,5.9003,6.3533,6.4459,8.8785,9.7252,7.9736,8.9527,9.4685,7.9825,8.0844,8.5494,7.7535,9.4495,9.3649,8.4797,8.0434,7.9996,8.0887,7.9138,8.1506,8.1315,7.8872
1,1.0450,1.7515,1.2744,1.5435,2.0024,1.7532,2.2541,2.0341,2.3138,2.3499,2.6361,2.6104,2.9515,2.9763,2.8428,2.9523,3.4454,3.0420,3.7919,3.9869,4.1329,4.2592,4.4114,4.6094,4.7124,4.9318,4.9586,5.1591,5.3885,5.4785,5.5743,5.8837,6.0513,6.4589,6.6150,6.4437,9.4274,7.1811,7.2815,7.3485,7.6106,7.7111,9.0901,7.8860,7.9618,8.2634,8.3794,8.4145,9.4601,9.5365,9.7241,9.7105,9.7884,9.8065,9.3740
4,0.9473,1.1033,1.3991,1.5175,2.1101,2.1273,1.9722,2.1449,2.1752,2.5053,2.4816,2.6264,2.8053,3.0041,2.9946,3.3391,3.4541,3.5639,3.7194,3.9701,4.0723,5.4235,4.4529,4.6293,5.6355,5.7945,5.0781,5.1607,5.4361,6.0670,5.7057,5.8896,6.3886,6.4686,6.5855,6.6954,9.3681,8.7908,8.7814,7.5012,9.0857,9.0274,7.8764,8.0680,8.0556,9.2182,8.2736,9.5075,8.6671,8.7625,9.7203,9.8100,9.0775,9.2174,9.4813
6,0.9420,1.1509,1.4464,1.4978,2.1215,2.1590,1.9190,2.1668,2.1611,2.4425,2.3865,2.6054,2.7195,2.8796,2.9174,3.2978,3.2455,3.4003,3.5937,3.8837,4.0477,5.9669,4.4403,4.6245,5.4216,6.0775,4.8005,4.9663,5.1908,6.3178,5.5123,5.7938,6.4641,6.2718,6.3040,6.3474,8.5891,8.1000,9.4226,9.0800,9.5171,9.6081,7.5458,8.0370,7.8668,9.5349,7.9665,9.5651,8.3206,8.5541,9.7699,9.9194,8.8321,9.7283,9.0753
8,1.7196,1.1222,1.4466,1.4340,1.9599,2.0702,1.8548,2.1573,2.0441,2.3032,2.3905,2.4258,2.5928,2.8404,2.8122,3.0347,3.0003,3.2017,3.4178,4.2215,4.4074,6.2470,4.6562,4.9204,5.2537,5.6278,4.5531,4.8850,5.1782,6.3497,5.4194,5.7727,6.5341,5.9898,6.0717,6.0190,7.9936,7.9524,8.8992,8.8347,9.1493,9.1882,7.6688,8.2179,8.1383,8.9971,8.1343,9.7243,8.3688,8.5771,9.2472,9.4429,8.7268,9.3799,8.5987
10,1.5226,0.9935,1.4262,1.3565,1.8516,2.0073,1.7365,2.0836,1.9485,2.2764,2.1784,2.3878,2.4448,2.5999,2.5972,2.7735,2.6240,3.1811,5.3010,4.2640,4.4250,5.9223,4.7010,4.8430,5.0072,5.4443,4.4656,5.3544,5.3687,6.0370,5.6239,5.7317,6.2553,5.6426,5.8984,5.6768,7.4037,7.6854,8.3892,8.5198,8.7264,8.8161,7.7551,8.0591,7.8252,8.6196,7.8178,9.0965,8.2248,8.3491,8.8909,9.8126,8.5098,8.9660,8.1835
12,1.3528,0.9674,1.4275,1.3486,1.8731,1.9785,1.7514,2.2135,2.1849,2.0844,2.0443,2.5246,2.3721,2.4183,2.5342,2.5876,2.3953,3.1293,4.6196,4.3502,4.5361,5.5827,4.8021,4.9322,5.7005,5.1909,4.5100,5.3485,5.3128,5.7731,5.3677,5.5734,5.9035,5.3095,5.6876,5.3857,7.4408,7.7549,8.3558,8.2265,8.3684,8.5261,7.8212,8.1093,7.7932,8.4668,7.7964,8.7194,8.0788,8.4151,8.6091,9.3376,9.5013,8.8528,7.9293
14,1.3333,0.9677,2.0028,1.5370,2.2317,2.2180,1.6335,2.3936,2.0296,2.0471,1.9956,2.3394,2.5017,2.4045,2.4469,2.5117,2.4922,2.6815,3.6495,4.3431,4.3833,5.9934,4.7988,5.7824,6.1435,5.9163,4.6921,5.2175,5.1805,6.2205,5.1844,5.4117,6.1588,5.0957,6.0848,5.2385,7.0355,7.6825,9.3565,8.1752,8.2705,9.3146,7.7693,8.2028,8.0360,9.3107,7.9687,9.3789,8.1011,8.5324,9.3542,9.8205,8.9498,9.5070,7.9512
16,2.0120,1.1490,1.9598,1.8876,2.3522,2.3350,2.2170,2.2406,2.0016,1.9450,2.1709,2.2577,2.5064,2.2889,2.5155,2.4292,2.3239,2.5023,3.1163,4.3568,4.5758,6.2543,4.9058,5.5303,6.3962,6.1655,4.9343,5.1242,5.0286,6.4150,5.2112,5.2307,5.8472,5.1019,5.8508,5.0662,6.3786,7.1777,9.3875,9.2391,8.1301,9.6675,7.6968,8.0919,7.8033,9.7167,7.9142,9.7181,8.1908,8.5273,9.7115,9.9586,9.5982,9.8587,8.0875
18,1.9311,1.2171,1.8575,1.9738,2.3347,2.1727,2.1983,2.4248,1.9730,1.9077,2.1603,2.2957,2.4708,2.1809,2.4723,2.3058,2.3184,2.4276,6.3358,4.2821,4.8021,6.2871,5.1808,5.4638,6.0099,5.8318,5.9477,5.1021,5.0618,6.3992,5.1746,5.1968,5.6005,4.8891,5.5004,4.9358,9.4137,6.9658,9.0373,8.9360,7.9379,9.2355,7.4669,8.0541,7.6215,9.2719,8.0699,9.3595,8.3917,8.3777,9.1974,9.3483,9.1138,9.4401,8.0825
20,1.7935,1.3670,1.7121,1.9975,2.1882,2.0897,2.1007,2.4318,1.9968,1.9091,2.1491,2.3414,2.4703,2.0504,2.4342,2.2647,2.2851,2.2632,5.3995,3.8845,4.6110,5.9457,5.3316,5.2960,6.1935,6.2066,5.6270,4.9424,5.0489,6.5279,5.8532,5.1146,5.2636,4.6875,5.2520,4.7196,8.9903,9.3356,9.5240,9.4250,7.8959,8.8035,7.2957,7.9657,8.9262,8.8518,7.9869,8.9072,8.1741,8.1077,8.7676,8.8831,8.6476,9.0049,8.1590
22,1.8166,1.3765,2.1535,1.9191,2.2973,2.2275,2.2312,2.5211,1.9968,2.2330,2.1999,2.3247,2.5529,2.2729,2.4319,2.3749,2.4014,2.0892,4.8557,4.1184,5.6986,6.2274,5.3489,5.2034,6.0108,6.3205,5.2936,4.9659,5.0486,6.4832,5.5162,5.1050,5.1662,4.5439,5.0440,4.4952,8.6962,8.8504,9.7809,9.6805,7.8642,9.3410,7.3762,7.9328,8.4823,9.3687,7.9155,9.5109,7.8899,7.8932,9.4425,9.5340,8.1956,8.6355,7.8983
24,1.8393,1.4893,2.0691,1.7635,2.1826,2.2191,2.1725,2.3534,1.9566,2.2190,1.9939,2.3160,2.3704,2.1861,2.2318,2.3033,2.2993,1.9929,3.8209,5.6148,5.4804,5.8466,5.2775,5.0577,5.6275,5.9216,4.9550,4.7987,4.9639,5.9825,5.3155,4.8420,4.8669,4.4592,4.7299,4.3564,8.2285,8.4573,9.3876,9.2808,7.5131,8.9814,7.2919,7.7934,9.2238,8.9961,7.8425,8.9646,7.5710,7.6421,8.8978,8.7116,7.8152,8.2540,7.6640
26,1.8197,1.5188,1.9165,1.6222,2.3134,2.3503,2.2596,2.3747,1.8408,2.4655,1.8739,2.2879,2.4755,2.4335,2.2763,2.4376,2.4416,1.8946,4.0689,5.4803,5.4345,6.1471,5.2301,5.0722,5.2888,6.1856,4.7509,4.5965,4.6852,6.1018,5.0442,4.6039,4.6613,4.3619,4.4996,4.1359,8.1706,8.2091,9.8054,9.6867,7.7616,9.4872,7.6600,8.0613,8.9522,9.7227,8.1462,8.8638,7.7106,7.8510,9.3792,9.5046,7.6194,8.1414,7.2525
28,1.7137,1.5027,1.8839,1.4949,2.2551,2.3023,2.1862,2.3768,1.8488,2.3804,1.7946,2.1433,2.5103,2.3524,2.4308,2.4608,2.4547,2.1031,4.6208,5.4775,5.3651,6.3269,5.2630,5.0379,5.9176,6.1866,4.9196,4.6461,4.7890,5.9977,5.0133,4.8076,5.7358,4.5332,4.5857,4.3146,7.6827,7.7497,9.8708,9.8698,7.8897,9.6815,7.8433,7.9467,8.6064,9.7565,7.8187,8.5383,7.5740,7.5677,9.5440,9.4128,7.2461,9.0543,7.0095
30,1.5890,1.4445,1.8449,1.5292,2.1025,2.1832,2.1847,2.3170,1.8009,2.3314,2.1901,2.0840,2.4845,2.3489,2.3863,2.2819,2.5794,3.2301,4.6575,5.1341,5.0278,5.8849,4.9928,4.8003,5.5117,5.5789,4.6558,4.3450,4.4812,5.2735,4.7620,4.5490,5.2001,4.3125,5.5828,4.0767,7.2479,7.3384,9.8738,9.3701,7.6542,9.1648,8.8967,8.2916,8.4708,9.2424,8.1610,8.5639,7.7983,7.5976,8.8288,9.0241,6.7765,8.0767,6.5890
32,1.5164,1.8069,1.8909,1.4986,1.9567,2.0857,2.1889,2.2637,1.7591,2.3550,2.1618,2.0063,2.4190,2.2858,2.3030,2.1386,2.9052,3.8940,4.7582,5.0549,5.0536,5.6004,5.0464,4.7898,6.1058,6.1507,4.8412,4.6433,4.6203,6.0169,4.7317,4.5955,5.1006,4.3649,5.3237,4.3245,7.2126,7.4434,9.9881,9.7098,8.1738,9.5891,8.5347,8.3461,8.4161,9.7742,8.4432,8.4945,8.0350,7.8997,8.5412,9.5612,9.2354,7.5803,6.3483
34,1.4477,1.7366,1.7117,1.4217,2.1764,1.9742,2.1428,2.1582,1.5588,2.3587,1.9901,1.9758,2.3933,2.2163,2.1978,2.0653,2.8493,3.8648,4.4973,4.9056,4.7572,5.3237,4.8721,4.8291,5.7135,5.7760,4.5849,4.6485,4.5620,5.8328,4.4890,4.5698,4.8428,4.2075,5.9908,4.1517,6.9055,7.5934,9.5145,9.3022,8.3006,9.0398,8.3754,8.2592,8.1450,9.2198,8.1297,8.2296,9.0738,7.6786,8.0615,8.6883,9.2462,7.1464,6.1061
36,1.3873,1.5689,1.5144,1.2431,2.2537,1.9879,2.0562,1.9726,1.4380,2.2578,1.9262,1.8649,2.2181,2.1750,2.1560,1.9956,2.8348,3.7508,4.5893,4.9567,4.8186,5.2535,4.9441,5.0432,5.5545,6.1730,4.8218,5.9659,4.8199,5.6843,4.7131,4.8255,4.8771,4.5942,5.4433,4.3836,9.3983,7.1425,8.8261,8.8203,7.9460,8.5206,7.9578,7.8022,7.7598,8.7457,7.7089,7.8211,8.4994,7.4625,7.7578,7.8994,9.1758,6.9011,5.8656
38,1.3337,1.5212,1.4149,1.1603,2.1056,1.8375,1.8639,1.8074,1.3369,2.1158,1.8719,1.7533,2.1727,2.0543,2.3374,1.8480,2.8250,3.5861,4.3029,4.8080,4.7168,5.9236,4.6894,4.9016,5.3541,6.4334,4.8340,5.7756,4.6255,6.0632,4.4555,4.6814,5.6531,4.4542,5.1795,4.1583,8.9852,7.9064,8.7154,9.5598,8.0893,9.3944,7.9572,7.9883,7.9583,9.4382,7.9915,9.1667,8.2468,7.4549,8.9759,7.7449,8.7903,10.0856,5.5255
40,1.1839,1.9757,1.2641,1.1376,1.8937,1.7072,1.7075,1.5918,1.1701,1.8809,1.8047,1.5616,2.0172,1.8721,2.1444,1.6893,2.7025,3.7314,4.1776,4.8285,4.8022,5.6435,4.7347,4.8968,4.9558,6.0608,4.5975,6.1167,4.3760,5.7876,4.1797,4.4233,5.4606,4.2919,4.9338,3.8234,8.3887,8.2263,8.5303,9.1633,9.3869,9.0200,7.9349,8.1832,7.9022,8.9834,7.9652,8.7332,7.8550,7.4210,8.6331,7.4265,8.3615,9.6316,5.2272
42,1.1249,2.1926,1.8967,0.9840,1.8790,1.5367,1.5127,1.5973,1.0367,1.8018,1.6179,1.5078,1.8528,1.7989,2.3627,1.6551,2.4724,3.6156,5.5921,4.9973,4.9478,5.6328,4.8924,4.9881,4.8601,5.9892,4.6261,5.9352,4.7357,5.5884,4.3347,4.5689,5.2788,4.5128,4.7598,4.1930,8.2333,8.3761,8.5886,8.8955,8.8703,9.5863,8.0161,8.2136,9.2507,8.5776,8.0676,8.4345,7.8557,7.4511,8.4022,7.6176,8.3111,9.3143,4.9642
